,SAL_CODE,SAL_code,SAL_name,population,IRSD_score,IRSD_Australia_rank,IRSD_Australia_decile,IRSD_Australia_percentile,State,IRSD_State_Rank,IRSD_State_decile,IRSD_State_percentile,IRSD_MinScoreForSA1_inArea,IRSD_MaxScoreForSA1_inArea,IRSD_Usual Resident Population without an SA1 level score,IRSD_Data should be used with caution - area not well represented by SA1s,IRSAD_score,IRSAD_Australia_rank,IRSAD_Australia_decile,IRSAD_Australia_percentile,IRSAD_State_Rank,IRSAD_State_decile,IRSAD_State_percentile,IRSAD_MinScoreForSA1_inArea,IRSAD_MaxScoreForSA1_inArea,IRSAD_Usual Resident Population without an SA1 level score,IRSAD_Data should be used with caution - area not well represented by SA1s,IER_score,IER_Australia_rank,IER_Australia_decile,IER_Australia_percentile,IER_State_Rank,IER_State_decile,IER_State_percentile,IER_MinScoreForSA1_inArea,IER_MaxScoreForSA1_inArea,IER_Usual Resident Population without an SA1 level score,IER_Data should be used with caution - area not well represented by SA1s,IEO_score,IEO_Australia_rank,IEO_Australia_decile,IEO_Australia_percentile,IEO_State_Rank,IEO_State_decile,IEO_State_percentile,IEO_MinScoreForSA1_inArea,IEO_MaxScoreForSA1_inArea,IEO_Usual Resident Population without an SA1 level score,IEO_Data should be used with caution - area not well represented by SA1s
0,50008,50008,Alexander Heights,7772,972.4411748,3967,3,28,WA,303,2,20,889.29489,1024.998299,0,,956.7553355,4742,4,33,374,3,25,889.1902692,999.221719,0,,1041.175654,8708,7,61,784,6,51,938.0730496,1097.78333,0,,928.5549636,3637,3,26,353,3,23,891.6691334,969.6400777,0,
1,50010,50010,Alfred Cove,2830,1081.876411,13088,10,91,WA,1358,9,89,1005.068206,1114.503969,0,,1092.279715,13639,10,95,1474,10,96,1004.581495,1135.258558,0,,1066.508207,10841,8,75,1070,7,70,944.1662202,1113.841114,0,,1095.594368,13492,10,94,1439,10,94,1035.399825,1124.080908,0,
2,50011,50011,Alkimos,10203,1034.393852,8954,7,62,WA,840,6,55,938.5468916,1101.040717,0,,1005.151856,8819,7,61,815,6,53,919.9895188,1085.76869,0,,1052.443471,9694,7,68,909,6,60,932.8024449,1118.085633,0,,983.5936313,7526,6,52,781,6,51,912.1067498,1056.929486,0,
3,50019,50019,Anketell,280,1062.080498,11574,9,81,WA,1132,8,74,956.4518719,1062.080498,0,,1022.662479,10190,8,71,964,7,63,926.262764,1022.662479,0,,1073.210689,11408,8,79,1145,8,75,1065.75068,1073.210689,0,,947.9522196,4973,4,35,501,4,33,889.7088244,947.9522196,0,
4,50022,50022,Applecross,7228,1097.982892,13832,10,96,WA,1466,10,96,1050.106997,1141.945171,0,,1128.300199,14144,10,98,1523,10,99,1070.830061,1176.392797,0,,1075.545405,11628,9,81,1171,8,77,977.7734089,1164.0683,0,,1134.313646,14098,10,98,1524,10,99,1093.614362,1155.286468,0,
5,50024,50024,Ardross,4578,1093.483036,13673,10,95,WA,1440,10,94,1064.551091,1116.446964,0,,1116.873807,14004,10,97,1512,10,99,1077.524008,1141.539384,0,,1080.735018,12019,9,84,1230,8,80,1023.360232,1119.386392,0,,1128.166947,14041,10,97,1520,10,99,1105.280807,1159.407991,0,
6,50026,50026,Armadale (WA),13415,830.139146,476,1,4,WA,65,1,5,680.4928992,1040.734631,0.002236303,,824.3934749,401,1,3,54,1,4,722.0120452,993.6248455,0.002236303,,864.6403287,494,1,4,83,1,6,739.4873171,1053.310703,0.002236303,,826.4659081,300,1,3,33,1,3,684.7681577,966.1024443,0,
7,50031,50031,Ascot (WA),3095,1052.902903,10708,8,75,WA,1021,7,67,1004.904332,1105.833061,0,,1060.283151,12526,9,87,1301,9,85,1020.635476,1128.735833,0,,1037.054591,8337,6,58,733,5,48,1002.408137,1085.026032,0,,1049.97974,11908,9,83,1224,8,80,1001.076952,1130.056217,0,
8,50032,50032,Ashby (WA),2850,1004.401836,6335,5,44,WA,566,4,37,840.8133924,1076.299689,0,,978.6431279,6562,5,46,547,4,36,815.026184,1041.984198,0,,1034.208691,8086,6,56,713,5,47,899.4466027,1118.719313,0,,955.9126061,5541,4,39,571,4,37,795.5583397,1001.100073,0,
9,50034,50034,Ashfield (WA),1395,976.3924052,4188,3,29,WA,326,3,22,950.4220109,1001.563715,0,,981.3741426,6762,5,47,569,4,37,969.2231215,994.9271173,0,,959.8362909,2645,2,19,247,2,17,943.2232906,984.8431457,0,,1013.694206,9787,7,68,995,7,65,1000.874671,1035.970785,0,
10,50035,50035,Attadale,6638,1099.689913,13892,10,97,WA,1479,10,97,1047.521238,1136.394287,0,,1119.208021,14039,10,98,1514,10,99,1055.843535,1160.394685,0,,1100.881132,13165,10,92,1385,9,90,962.1949674,1151.348904,0,,1107.560983,13726,10,95,1468,10,96,1071.610617,1150.028797,0,
11,50036,50036,Atwell,9287,1054.007402,10824,8,75,WA,1035,7,68,999.5321566,1081.727374,0,,1041.677543,11567,8,80,1134,8,74,979.7305693,1079.909527,0,,1087.358231,12501,9,87,1285,9,84,928.1811936,1154.258762,0,,1013.46193,9768,7,68,988,7,64,966.9400628,1049.431773,0,
12,50037,50037,Aubin Grove,6786,1076.946098,12728,9,89,WA,1301,9,85,1020.305319,1121.196202,0,,1068.429919,12877,9,90,1338,9,87,1002.959643,1114.054052,0,,1094.88547,12910,9,90,1335,9,87,999.5746739,1159.003625,0,,1046.8592,11737,9,81,1197,8,78,1008.611163,1084.687585,0,
13,50040,50040,Aveley,13998,1041.968613,9691,7,68,WA,890,6,58,992.9665773,1089.077026,0,,1011.697086,9319,7,65,873,6,57,954.7472896,1060.519742,0,,1071.111036,11214,8,78,1118,8,73,989.5071871,1137.164491,0,,970.6400753,6627,5,46,693,5,45,922.1764869,1034.140432,0,
14,50050,50050,Bailup,54,1035.808338,9097,7,63,WA,845,6,55,1035.808338,1035.808338,0,Y,1016.614877,9715,7,68,927,7,61,1016.614877,1016.614877,0,Y,1071.699244,11260,8,78,1120,8,73,1071.699244,1071.699244,0,Y,983.3284791,7514,6,52,779,6,51,983.3284791,983.3284791,0,Y
15,50053,50053,Balcatta,10813,1001.398088,6080,5,43,WA,529,4,35,892.0677282,1054.647963,0,,990.1023432,7515,6,52,664,5,44,904.2681775,1032.448957,0,,977.2215197,3551,3,25,320,3,21,816.5357519,1070.711311,0,,991.3610239,8128,6,57,826,6,54,917.9108906,1032.175004,0,
16,50054,50054,Baldivis,37697,1025.040775,8119,6,57,WA,741,5,49,777.6149491,1133.617487,0,,994.5942413,7899,6,55,695,5,46,771.2806252,1120.390451,0,,1062.596808,10522,8,73,1009,7,66,898.7825783,1192.130201,0,,955.582471,5517,4,39,566,4,37,766.4487061,1051.050894,0,
17,50055,50055,Balga,13864,888.325335,1045,1,8,WA,109,1,8,814.4435699,956.1210355,0,,892.3404832,1498,2,11,140,1,10,824.3078181,962.9891366,0,,894.6081517,774,1,6,108,1,8,823.6958183,962.2283921,0,,923.8703424,3366,3,24,336,3,22,858.6299641,975.0882924,0,
18,50061,50061,Ballajura,18459,968.3843719,3706,3,26,WA,284,2,19,815.6375953,1073.349071,0,,951.2378601,4340,4,31,334,3,22,829.8865619,1059.108934,0,,1027.66881,7425,6,52,651,5,43,891.1929939,1135.325271,0,,927.2917015,3575,3,25,349,3,23,840.3600048,1060.544995,0,
19,50068,50068,Banjup,1377,1078.138297,12816,9,89,WA,1314,9,86,1061.658533,1089.393754,0,,1070.39842,12978,9,90,1373,9,90,1048.856297,1085.1114,0,,1117.947224,13792,10,96,1471,10,96,1116.769059,1119.672244,0,,1019.322383,10194,8,71,1052,7,69,1000.689424,1032.048443,0,
20,50069,50069,Banksia Grove,11351,1005.571368,6415,5,45,WA,571,4,38,902.6266398,1080.680555,0,,975.730222,6296,5,44,523,4,34,876.8408833,1060.671139,0,,1037.981908,8420,6,59,749,5,49,950.213182,1134.18199,0,,955.8254125,5531,4,39,569,4,37,864.7607575,1024.61355,0,
21,50077,50077,Baskerville,302,1069.052449,12208,9,85,WA,1223,8,80,1069.052449,1069.052449,0,,1065.799363,12759,9,89,1322,9,86,1065.799363,1065.799363,0,,1091.112473,12737,9,89,1315,9,86,1091.112473,1091.112473,0,,1014.055362,9803,7,68,999,7,65,1014.055362,1014.055362,0,
22,50078,50078,Bassendean (WA),10837,1028.227648,8394,6,59,WA,772,6,51,941.7977342,1084.519437,0,,1020.401251,10006,7,70,955,7,63,939.6295856,1080.376126,0,,1000.268094,5155,4,36,457,3,30,930.1134476,1076.194388,0,,1032.944361,11056,8,77,1119,8,73,962.345771,1096.006121,0,
23,50079,50079,Bateman,3832,1075.86026,12678,9,88,WA,1296,9,85,1028.328721,1097.972752,0,,1090.504663,13600,10,95,1472,10,96,1061.477762,1111.72501,0,,1077.349134,11761,9,82,1179,8,77,1030.32871,1118.610667,0,,1107.67839,13734,10,95,1473,10,96,1053.961577,1133.119359,0,
24,50083,50083,Bayswater (WA),15288,1046.672266,10106,7,70,WA,937,7,61,860.0390852,1129.732454,0.001881818,,1051.787171,12155,9,85,1228,8,80,903.0076243,1133.561049,0.001881818,,1020.206532,6774,5,47,572,4,38,806.7704934,1109.270326,0.001881818,,1067.752271,12687,9,88,1328,9,86,789.2886093,1135.150319,0.000246548,
25,50086,50086,Beaconsfield (WA),5315,1021.28114,7800,6,54,WA,709,5,47,595.0340511,1071.799477,0,,1042.067593,11587,9,81,1138,8,74,691.8412274,1089.557758,0,,1004.833917,5454,4,38,481,4,32,573.6313372,1060.240102,0,,1072.153315,12867,9,89,1356,9,88,780.9581292,1126.296904,0,
26,50090,50090,Beckenham,9092,981.7492805,4563,4,32,WA,370,3,25,913.0599579,1054.20467,0.000989881,,967.5983393,5630,4,39,456,3,30,906.8085421,1053.691706,0.000989881,,978.8731163,3645,3,26,325,3,22,847.7828561,1093.849329,0.000989881,,959.8628262,5836,5,41,592,4,39,873.1099091,1042.489343,0.000989881,
27,50091,50091,Bedford,5716,1037.269007,9231,7,64,WA,849,6,56,935.854009,1086.032485,0,,1049.444379,11993,9,83,1194,8,78,957.315457,1101.861278,0,,1019.256314,6693,5,47,559,4,37,903.4437711,1057.734095,0,,1066.479644,12645,9,88,1322,9,86,1007.468589,1108.537389,0,
28,50092,50092,Bedfordale,3038,1082.539563,13144,10,91,WA,1363,9,89,1056.231885,1097.004123,0,,1067.453497,12827,9,89,1335,9,87,995.6658494,1093.688679,0,,1160.772123,14362,10,100,1532,10,100,1094.891436,1202.227986,0,,997.6288087,8591,6,60,879,6,57,972.1567542,1022.936828,0,
29,50093,50093,Beechboro,9112,934.0203279,2151,2,15,WA,191,2,13,853.1242994,980.4005413,0,,914.6882358,2297,2,16,185,2,13,875.7084894,947.7498344,0,,969.8183295,3158,3,22,286,2,19,899.2389025,1040.654458,0,,894.6791573,1866,2,13,186,2,13,843.6716518,963.7513964,0,
30,50094,50094,Beechina,128,1070.638486,12323,9,86,WA,1242,9,81,1009.984993,1088.362661,0,Y,1032.507398,10897,8,76,1030,7,67,1002.414689,1041.301095,0,Y,1107.545891,13416,10,93,1423,10,93,1071.202469,1118.166172,0,Y,982.5322706,7443,6,52,769,5,50,972.5295229,985.4552754,0,Y
31,50098,50098,Beeliar,8617,1039.073962,9409,7,66,WA,868,6,57,970.9679261,1103.238293,0,,1021.96458,10132,8,71,961,7,63,953.5283616,1099.186556,0,,1069.3895,11073,8,77,1108,8,72,1001.81431,1134.027475,0,,986.6084287,7782,6,54,799,6,52,914.6909994,1052.10416,0,
32,50102,50102,Beldon,4094,1028.244013,8397,6,59,WA,773,6,51,1007.586986,1048.90956,0,,993.8558621,7828,6,55,691,5,45,978.9096875,1012.73211,0,,1026.062119,7272,6,51,635,5,42,984.0260374,1055.288278,0,,969.2214382,6545,5,46,686,5,45,934.9329183,1004.04991,0,
33,50103,50103,Belhus,264,1080.807029,13016,9,90,WA,1349,9,88,1080.807029,1080.807029,0,,1073.586619,13101,10,91,1386,10,91,1073.586619,1073.586619,0,,1112.180423,13604,10,95,1450,10,95,1112.180423,1112.180423,0,,1042.447875,11509,8,80,1171,8,76,1042.447875,1042.447875,0,
34,50104,50104,Bellevue (WA),1514,942.7834453,2465,2,18,WA,211,2,14,888.5608305,968.0546864,0,,915.6274326,2347,2,17,188,2,13,874.6749248,937.0327482,0,,953.888319,2372,2,17,224,2,15,820.7271838,1005.692161,0,,900.1443445,2089,2,15,203,2,14,872.2197971,941.163072,0,
35,50105,50105,Belmont (WA),6959,971.6929389,3901,3,27,WA,302,2,20,891.7445751,1047.296671,0,,970.1469296,5833,5,41,485,4,32,908.9361296,1087.586439,0,,940.7533402,1888,2,14,185,2,13,863.6296025,1069.022096,0,,982.782381,7465,6,52,776,6,51,963.2433318,1073.820278,0,
36,50110,50110,Bennett Springs,5929,981.7444206,4562,4,32,WA,369,3,24,886.8071929,1077.562675,0,,976.4341864,6356,5,44,533,4,35,890.8919601,1058.375999,0,,1069.018725,11057,8,77,1107,8,72,920.7615203,1108.748156,0,,953.6911057,5393,4,38,553,4,36,889.0283841,1023.318678,0,
37,50111,50111,Bentley (WA),9051,924.4126532,1805,2,13,WA,162,2,11,773.4324297,1010.604279,0.026626892,,942.8042141,3793,3,27,292,2,19,794.4209483,1003.338589,0.026626892,,866.4614893,503,1,4,85,1,6,762.8275758,948.5395504,0.026626892,,995.1036788,8407,6,58,856,6,56,866.6839117,1048.484403,0.026626892,
38,50115,50115,Bertram,6196,1000.931687,6050,5,42,WA,521,4,34,951.5875993,1056.794562,0,,970.8338131,5888,5,41,488,4,32,926.262764,1017.086964,0,,1032.605797,7929,6,55,701,5,46,925.9408236,1109.991614,0,,935.7401716,4144,3,29,392,3,26,889.7088244,957.5924718,0,
39,50117,50117,Bibra Lake,5892,1032.10602,8759,7,61,WA,821,6,54,893.960357,1100.168111,0.003564155,,1015.289994,9582,7,67,908,6,59,905.9151345,1093.83551,0.003564155,,1045.002678,9029,7,63,838,6,55,898.8651286,1136.216653,0.003564155,,999.911835,8765,7,61,893,6,58,922.7073084,1107.957092,0,
40,50118,50118,Bickley,713,1093.052013,13652,10,95,WA,1429,10,93,1069.469723,1106.970291,0,,1088.294919,13538,10,94,1463,10,96,1086.967929,1090.84755,0,,1147.702386,14269,10,99,1525,10,100,1129.839553,1158.722858,0,,1062.115997,12432,9,86,1288,9,84,1004.007191,1064.766098,0,
41,50119,50119,Bicton,6961,1072.280311,12427,9,86,WA,1262,9,83,977.1103797,1120.396443,0,,1083.78968,13422,10,93,1444,10,94,998.4031737,1129.701734,0,,1049.896759,9453,7,66,884,6,58,903.2454425,1138.58576,0,,1091.454695,13371,10,93,1424,10,93,1046.31823,1116.798795,0,
42,50148,50148,Booragoon,5684,1073.794423,12552,9,87,WA,1276,9,83,1038.907781,1094.790972,0,,1087.842706,13527,10,94,1458,10,95,1042.236878,1107.369789,0,,1057.025145,10045,7,70,958,7,63,963.8734615,1107.613731,0,,1099.713559,13573,10,94,1444,10,94,1066.022403,1125.082051,0,
43,50161,50161,Bouvard,910,977.0894193,4239,3,30,WA,337,3,22,957.9313591,993.1650218,0.007692308,,952.8825672,4476,4,31,346,3,23,923.404024,977.6181269,0.007692308,,1015.716047,6421,5,45,537,4,35,964.7703232,1058.4648,0.007692308,,925.3519907,3478,3,24,341,3,23,903.9499946,943.3104885,0.007692308,
44,50168,50168,Boya,669,1090.423961,13522,10,94,WA,1411,10,92,1081.219415,1102.568848,0,,1071.491109,13020,10,91,1383,9,90,1065.191855,1079.802625,0,,1081.636788,12076,9,84,1235,9,81,1065.947201,1093.527844,0,,1056.31631,12235,9,85,1270,9,83,1051.574809,1062.572456,0,
45,50173,50173,Brabham,8665,1048.482313,10266,8,71,WA,946,7,62,1019.293704,1090.136266,0,,1011.935084,9344,7,65,874,6,57,980.7822996,1037.902583,0,,1075.38483,11600,9,81,1169,8,76,1036.70666,1119.340913,0,,977.8310423,7144,5,50,734,5,48,951.7986973,1005.300685,0,
46,50178,50178,Brentwood (WA),2153,992.7618958,5445,4,38,WA,460,3,30,940.2813976,1084.501503,0,,1022.537923,10165,8,71,963,7,63,977.6145008,1103.438297,0,,952.722882,2314,2,16,220,2,15,882.2677293,1066.002107,0,,1075.24696,12977,9,90,1372,9,89,1043.706763,1115.890586,0,
47,50181,50181,Brigadoon,1025,1105.841687,14058,10,98,WA,1508,10,98,1105.841687,1105.841687,0,,1112.190827,13952,10,97,1504,10,98,1112.190827,1112.190827,0,,1190.136484,14456,10,100,1537,10,100,1190.136484,1190.136484,0,,1043.168204,11552,8,80,1182,8,77,1043.168204,1043.168204,0,
48,50187,50187,Brookdale (WA),2968,875.9846389,862,1,6,WA,95,1,7,799.4315994,915.3964523,0,,863.1960379,798,1,6,92,1,6,800.8891576,888.885089,0,,947.3577997,2128,2,15,201,2,14,885.1405705,981.1157022,0,,851.9043672,615,1,5,71,1,5,803.9726667,872.9536242,0,
49,50201,50201,Bull Creek (WA),8030,1067.192739,12019,9,84,WA,1188,8,78,1006.465617,1120.440018,0,,1078.985632,13270,10,92,1419,10,93,1000.692878,1144.645474,0,,1061.201238,10394,8,72,993,7,65,923.6233924,1128.132213,0,,1088.889331,13323,10,92,1420,10,92,975.7811922,1179.501742,0,
50,50207,50207,Bullsbrook,5605,1008.70334,6706,5,47,WA,598,4,39,747.0875832,1068.273341,0.019803747,,969.3800862,5783,4,40,476,4,31,754.6565229,1033.519671,0.019803747,,1065.747925,10786,8,75,1061,7,69,859.5304594,1137.561746,0.019803747,,905.3363754,2347,2,17,217,2,15,734.2382309,971.6078235,0.019803747,
51,50221,50221,Burns Beach,4071,1117.706053,14303,10,99,WA,1528,10,100,1111.078792,1127.713371,0,,1144.474744,14272,10,99,1531,10,100,1143.833313,1146.105944,0,,1192.059273,14457,10,100,1538,10,100,1186.391244,1199.521278,0,,1079.024497,13072,10,91,1384,9,90,1069.725298,1087.583652,0,
52,50226,50226,Burswood,2779,1050.444814,10463,8,73,WA,972,7,64,939.4697164,1097.313481,0.039222742,,1072.652921,13069,10,91,1385,9,90,964.1440065,1128.299293,0.039222742,,975.8966502,3462,3,24,309,3,21,843.6549356,1041.633862,0.039222742,,1089.569954,13335,10,92,1421,10,92,1012.325714,1129.2283,0.039222742,
53,50229,50229,Butler (WA),13473,977.0493705,4237,3,30,WA,336,3,22,903.7130587,1050.912503,0,,953.2515209,4513,4,32,347,3,23,889.0762379,1003.217778,0,,1002.623118,5330,4,37,470,4,31,893.711397,1101.377995,0,,941.2877384,4501,4,32,438,3,29,900.4657028,993.4015651,0,
54,50230,50230,Byford,18878,1020.823578,7759,6,54,WA,706,5,46,940.7706265,1100.510308,0.000794576,,981.2333782,6746,5,47,567,4,37,917.3067268,1052.642964,0.000794576,,1075.429096,11604,9,81,1170,8,76,949.0872011,1146.037253,0.000794576,,926.9091487,3565,3,25,347,3,23,865.1543321,982.2812983,0.000794576,
55,50235,50235,Calista,1975,845.779844,582,1,5,WA,77,1,6,804.1357526,940.9014269,0,,836.4227916,484,1,4,60,1,4,812.0987126,913.4976143,0,,871.2122125,529,1,4,92,1,6,841.6260497,937.4385012,0,,832.1347089,355,1,3,38,1,3,805.2585993,916.3777127,0,
56,50240,50240,Camillo,4442,866.5853115,739,1,6,WA,86,1,6,813.3989934,918.8068945,0,,851.1988327,627,1,5,76,1,5,814.1020769,892.0064002,0,,932.2609654,1540,2,11,163,2,11,893.9843867,989.9851631,0,,834.2435097,377,1,3,39,1,3,782.1843726,870.6304559,0,
57,50244,,,,,,,,,,,,,,,,,,,,,,,,,,,,,,,,,,,,,,,,,,,,,,,,
58,50245,50245,Canning Vale,34504,1058.086443,11205,8,78,WA,1087,8,71,994.2850248,1121.179453,0.034140969,,1052.420686,12185,9,85,1229,8,80,972.1359482,1120.0798,0.034140969,,1089.36721,12632,9,88,1312,9,86,975.1450233,1164.984217,0.034140969,,1028.01759,10734,8,75,1091,8,71,926.3456388,1108.407134,0.034140969,
59,50246,50246,Cannington,6875,974.190784,4070,3,29,WA,312,3,21,908.7932889,1039.120996,0.000436364,,976.0755941,6319,5,44,525,4,35,933.7987913,1025.955318,0.000436364,,920.6152189,1261,1,9,144,1,10,867.9114673,972.7191749,0.000436364,,1005.726438,9175,7,64,919,6,60,966.8337616,1099.279639,0.000436364,
60,50255,50255,Carabooda,444,1044.226558,9873,7,69,WA,909,6,60,1044.226558,1044.226558,0,,1031.769273,10842,8,75,1016,7,67,1031.769273,1031.769273,0,,1127.133876,13985,10,97,1495,10,98,1127.133876,1127.133876,0,,975.9664771,7016,5,49,725,5,47,975.9664771,975.9664771,0,
61,50260,50260,Cardup,1163,1067.017686,11994,9,83,WA,1179,8,77,1065.337794,1068.726642,0,,1051.725278,12151,9,85,1227,8,80,1049.234188,1054.259466,0,,1177.57507,14437,10,100,1536,10,100,1155.423964,1200.109413,0,,956.7473452,5619,4,39,576,4,38,954.8470269,958.6153451,0,
62,50262,50262,Carine,7330,1112.641283,14213,10,99,WA,1526,10,100,1054.519157,1137.556428,0,,1113.015173,13957,10,97,1506,10,98,1056.734712,1143.671527,0,,1124.30532,13929,10,97,1488,10,97,1045.162639,1194.595099,0,,1094.561014,13470,10,93,1438,10,94,1059.008264,1130.269227,0,
63,50263,50263,Carlisle,6733,1011.710621,6970,5,49,WA,616,5,41,938.2226788,1062.579509,0.000445567,,1017.881644,9785,7,68,934,7,61,971.2068494,1050.604923,0.000445567,,950.8209078,2241,2,16,217,2,15,889.1872716,1041.034775,0.000445567,,1048.861972,11845,9,82,1213,8,79,1006.522973,1085.682254,0.000445567,
64,50265,50265,Carmel,754,1084.526766,13238,10,92,WA,1370,9,90,1060.932111,1114.951019,0,,1062.942557,12648,9,88,1313,9,86,1053.474681,1101.613583,0,,1107.430901,13411,10,93,1422,10,93,1097.871053,1121.578909,0,,1040.940669,11417,8,79,1156,8,75,1009.108402,1094.68744,0,
65,50269,50269,Carramar (WA),7178,1062.841661,11649,9,81,WA,1138,8,74,985.6310714,1116.401721,0,,1043.800491,11682,9,81,1155,8,76,977.6383804,1101.425833,0,,1116.044291,13718,10,95,1458,10,95,999.9559511,1201.2341,0,,994.4273293,8373,6,58,850,6,56,946.0975252,1039.904344,0,
66,50274,50274,Casuarina (WA),1987,1025.806556,8191,6,57,WA,749,5,49,956.4518719,1067.855112,0.609964771,,998.960379,8268,6,58,743,5,49,926.262764,1041.022747,0.609964771,,1105.59933,13358,10,93,1413,10,92,1062.057758,1137.765176,0.609964771,,926.1678757,3518,3,25,345,3,23,889.7088244,934.8841401,0.609964771,
67,50277,50277,Caversham,7419,1044.974808,9950,7,69,WA,922,6,60,911.8426209,1072.39885,0,,1026.06778,10445,8,73,982,7,64,888.1811203,1056.299961,0,,1081.932164,12101,9,84,1238,9,81,973.0260047,1104.364689,0,,997.9291312,8611,6,60,881,6,58,895.8934137,1038.419442,0,
68,50281,50281,Champion Lakes,1355,1011.551413,6959,5,49,WA,615,4,40,833.1721164,1057.933697,0,,994.6654067,7906,6,55,697,5,46,864.1901913,1032.379704,0,,1024.665588,7142,5,50,625,5,41,907.8959588,1069.486952,0,,984.5659351,7589,6,53,783,6,51,864.9398637,1021.549857,0,
69,50290,50290,Chidlow,1821,1032.157802,8767,7,61,WA,822,6,54,985.5177306,1088.362661,0,,992.9246985,7746,6,54,683,5,45,949.0368174,1041.301095,0,,1078.799321,11859,9,82,1209,8,79,1036.807087,1118.166172,0,,947.3327401,4950,4,35,499,4,33,900.0976779,992.7398767,0,
70,50293,50293,Churchlands,3638,1085.433693,13286,10,92,WA,1380,9,90,1020.258567,1127.255265,0,,1122.775246,14075,10,98,1517,10,99,1029.149813,1165.477066,0,,1088.667854,12570,9,87,1296,9,85,923.2977943,1169.505663,0,,1150.32835,14254,10,99,1528,10,99,1114.62854,1183.546999,0,
71,50294,50294,City Beach,6805,1127.413674,14397,10,100,WA,1532,10,100,1100.641959,1154.706112,0.007347539,,1172.382062,14406,10,100,1537,10,100,1127.40098,1198.025514,0.007347539,,1152.330587,14301,10,99,1527,10,100,1002.759374,1201.342034,0.007347539,,1162.780105,14334,10,99,1535,10,100,1136.813834,1192.670583,0.007347539,
72,50296,50296,Claremont (WA),9248,1069.502183,12230,9,85,WA,1224,8,80,1003.693315,1134.602357,0,,1111.225271,13927,10,97,1502,10,98,1057.883288,1181.969977,0,,1018.376298,6638,5,46,552,4,36,907.8702162,1141.124752,0,,1151.532529,14264,10,99,1530,10,100,1119.134956,1182.949983,0,
73,50297,50297,Clarkson,13904,985.3658782,4796,4,34,WA,392,3,26,882.7478049,1065.416296,0.001366513,,964.9886676,5421,4,38,422,3,28,870.8068661,1039.275276,0.001366513,,1004.674223,5438,4,38,477,4,31,863.997808,1067.143806,0.001366513,,954.1841724,5421,4,38,555,4,36,868.9039191,1033.074636,0,
74,50301,50301,Cloverdale,8864,963.7842928,3427,3,24,WA,276,2,18,889.7182248,1018.477825,0,,953.8573465,4568,4,32,356,3,24,886.2156689,981.90054,0,,941.7123962,1926,2,14,188,2,13,860.4992545,1003.198949,0,,960.0662373,5858,5,41,593,4,39,894.9285512,1018.055478,0,
75,50304,50304,Cockburn Central,1521,1029.34033,8531,6,59,WA,796,6,52,1029.34033,1029.34033,0,,1012.891639,9388,7,65,881,6,58,1012.891639,1012.891639,0,,923.1775653,1316,1,10,149,1,10,923.1775653,923.1775653,0,,1021.259036,10332,8,72,1066,7,69,1021.259036,1021.259036,0,
76,50316,50316,Como (WA),14786,1061.689991,11535,8,80,WA,1118,8,73,969.5258325,1101.801437,0,,1072.578877,13067,10,91,1384,9,90,939.7767339,1118.56461,0,,983.6400769,3974,3,28,366,3,24,845.370698,1061.849242,0,,1107.285251,13722,10,95,1466,10,95,963.2729463,1157.961572,0,
77,50318,50318,Connolly,3675,1090.646485,13538,10,94,WA,1413,10,92,1064.462128,1117.516748,0,,1075.922177,13205,10,92,1409,10,92,1040.908504,1111.463384,0,,1114.180993,13662,10,95,1454,10,95,1058.357634,1170.879093,0,,1036.709986,11237,8,78,1144,8,75,1008.30175,1065.546451,0,
78,50320,50320,Coodanup,4366,827.0054038,461,1,4,WA,63,1,5,638.4605535,959.4823395,0,,827.4780029,420,1,3,55,1,4,712.1983768,941.9398809,0,,889.7564169,715,1,5,102,1,7,685.7226309,1029.726389,0,,842.2806646,480,1,4,55,1,4,753.6280507,921.8503138,0,
79,50321,50321,Coogee (WA),5345,1063.786607,11729,9,82,WA,1142,8,75,910.7436204,1100.487724,0,,1053.343808,12237,9,85,1235,9,81,885.9170413,1098.850209,0,,1094.877563,12909,9,90,1334,9,87,911.2808321,1149.503215,0,,1002.366957,8941,7,62,898,6,59,896.4246876,1064.159383,0,
80,50324,50324,Coolbellup,5698,960.1105535,3212,3,23,WA,255,2,17,894.1114267,1047.437053,0,,951.8811567,4383,4,31,338,3,22,907.3508184,1010.803237,0,,920.3537451,1258,1,9,143,1,10,855.490988,982.8661926,0,,987.3613678,7854,6,55,807,6,53,920.0276108,1025.790155,0,
81,50325,50325,Coolbinia,1751,1106.72708,14072,10,98,WA,1509,10,99,1084.262663,1127.126539,0,,1139.2034,14226,10,99,1529,10,100,1127.448473,1153.549019,0,,1135.950828,14125,10,98,1499,10,98,1073.40239,1174.722126,0,,1143.502051,14192,10,98,1526,10,99,1116.55211,1163.070398,0,
82,50329,50329,Cooloongup,6696,900.2461705,1281,1,9,WA,125,1,9,829.0461338,1003.538571,0,,877.0430871,1125,1,8,116,1,8,814.2631507,970.6706498,0,,947.3927748,2129,2,15,202,2,14,899.1967271,1045.06367,0,,851.599213,606,1,5,70,1,5,794.7783945,926.460551,0,
83,50343,50343,Cottesloe,7750,1115.028247,14260,10,99,WA,1527,10,100,1084.92363,1138.06617,0,,1159.625838,14341,10,100,1534,10,100,1120.541897,1198.718829,0,,1089.725297,12672,9,88,1313,9,86,991.9769132,1173.133035,0,,1175.882224,14395,10,100,1541,10,100,1148.757614,1204.950566,0,
84,50350,50350,Craigie (WA),6456,1038.271272,9335,7,65,WA,863,6,57,988.8140377,1072.204086,0,,1001.997352,8543,6,60,778,6,51,959.1229923,1043.066486,0,,1019.774113,6729,5,47,569,4,37,980.3963082,1045.308308,0,,986.1712058,7742,6,54,797,6,52,940.3903355,1031.932214,0,
85,50353,50353,Crawley,3975,1020.131354,7702,6,54,WA,698,5,46,937.1756982,1150.350293,0.255597484,,1064.591279,12712,9,88,1316,9,86,1003.566165,1202.82945,0.255597484,,864.4911276,493,1,4,82,1,6,770.7386417,1006.179922,0.255597484,,1173.163408,14385,10,100,1540,10,100,1148.922069,1371.943981,0.255597484,
86,50361,50361,Cullacabardee,45,843.0951115,557,1,4,WA,75,1,5,843.0951115,843.0951115,0,,870.1880055,976,1,7,104,1,7,870.1880055,870.1880055,0,,891.1929939,736,1,6,104,1,7,891.1929939,891.1929939,0,,1060.544995,12393,9,86,1279,9,83,1060.544995,1060.544995,0,
87,50367,50367,Currambine,6834,1068.374119,12147,9,84,WA,1215,8,79,992.2518721,1113.046817,0,,1050.724004,12092,9,84,1213,8,79,972.4787596,1105.619229,0,,1090.974359,12733,9,89,1314,9,86,903.7338039,1170.720086,0,,1019.010466,10181,8,71,1051,7,69,981.7991582,1062.950452,0,
88,50371,50371,Daglish,1551,1082.867588,13162,10,92,WA,1365,9,89,1056.601614,1124.390528,0,,1112.51178,13954,10,97,1505,10,98,1084.44692,1147.872292,0,,1028.753592,7577,6,53,659,5,43,951.5752648,1093.024745,0,,1155.81045,14290,10,99,1531,10,100,1142.955164,1177.915374,0,
89,50374,50374,Dalkeith,4398,1138.749819,14441,10,100,WA,1537,10,100,1123.023486,1168.568529,0,,1191.503632,14451,10,100,1538,10,100,1162.04772,1235.87948,0,,1160.867607,14364,10,100,1533,10,100,1105.167002,1206.661258,0,,1186.447602,14431,10,100,1544,10,100,1151.155621,1213.516021,0,
90,50384,50384,Darch,7347,1042.042991,9692,7,68,WA,891,6,58,969.948642,1083.136283,0,,1037.433131,11243,8,78,1067,7,70,957.1136088,1083.544421,0,,1105.826406,13363,10,93,1414,10,92,883.1542195,1157.717011,0,,1010.411018,9503,7,66,949,7,62,965.4284457,1048.161662,0,
91,50389,50389,Darling Downs,1591,1064.231039,11777,9,82,WA,1158,8,76,1047.15954,1074.515488,0,,1037.703887,11269,8,78,1074,7,70,1013.654753,1061.178889,0,,1134.8039,14109,10,98,1498,10,98,1102.066562,1171.651078,0,,959.1335937,5789,4,40,585,4,38,924.0546771,1001.287941,0,
92,50390,50390,Darlington (WA),3725,1095.9281,13772,10,96,WA,1465,10,96,1067.038766,1119.178913,0,,1094.206047,13675,10,95,1478,10,97,1061.21697,1135.30053,0,,1114.933474,13691,10,95,1456,10,95,1083.477333,1148.499527,0,,1098.677895,13546,10,94,1443,10,94,1057.202445,1134.473716,0,
93,50396,50396,Dawesville,7143,992.4494538,5412,4,38,WA,456,3,30,926.3755424,1070.926898,0,,958.4642532,4871,4,34,383,3,25,888.7284177,1037.400416,0,,1046.515964,9135,7,64,846,6,55,957.51776,1113.559124,0,,917.822588,3031,3,21,304,2,20,863.7249354,989.407218,0,
94,50397,50397,Dayton,5507,1047.300981,10154,8,71,WA,939,7,62,1000.649182,1093.964154,0,,1016.522418,9706,7,68,925,7,61,961.5140995,1051.614116,0,,1060.786167,10371,8,72,986,7,65,942.6041511,1114.668779,0,,985.9582656,7733,6,54,795,6,52,948.7748139,1040.324857,0,
95,50409,50409,Dianella,24169,1024.863514,8097,6,56,WA,740,5,49,874.1435415,1137.807374,0,,1026.623001,10476,8,73,985,7,65,910.0287904,1161.404229,0,,1018.826541,6666,5,47,557,4,37,892.0077211,1191.196291,0,,1030.864545,10910,8,76,1100,8,72,935.5268778,1172.890946,0,
96,50423,50423,Doubleview,9205,1060.050615,11399,8,79,WA,1108,8,72,991.0986125,1113.365281,0,,1082.371608,13376,10,93,1439,10,94,1018.644157,1143.583188,0,,1029.303984,7640,6,53,662,5,43,932.0820995,1138.108871,0,,1102.07926,13630,10,95,1457,10,95,1039.490403,1140.648217,0,
97,50431,50431,Dudley Park (WA),6957,945.3109833,2575,2,18,WA,218,2,15,821.0269174,1073.132834,0,,923.5113679,2701,2,19,217,2,15,812.902525,1070.162874,0,,987.8693401,4273,3,30,384,3,25,820.6053805,1133.873217,0,,896.7475447,1945,2,14,189,2,13,808.5129386,982.1161111,0,
98,50438,50438,Duncraig,15982,1089.864783,13494,10,94,WA,1409,10,92,1028.157221,1132.948383,0,,1092.318358,13640,10,95,1475,10,96,1026.816048,1142.605207,0,,1100.831589,13164,10,91,1384,9,90,1028.804718,1168.119312,0,,1080.780248,13123,10,91,1395,10,91,1023.438474,1133.256879,0,
99,50453,50453,East Cannington,6512,1000.282658,6010,5,42,WA,516,4,34,936.9032708,1041.509767,0,,989.0569886,7420,6,52,645,5,42,933.362439,1021.723527,0,,993.0383686,4591,4,32,418,3,28,911.618963,1070.29959,0,,987.0370763,7833,6,55,805,6,53,936.3616613,1014.361367,0,
100,50457,50457,East Fremantle,7819,1082.151464,13103,10,91,WA,1361,9,89,1017.550512,1126.785499,0,,1108.982785,13891,10,97,1496,10,98,1046.451692,1157.397528,0,,1066.185711,10818,8,75,1065,7,70,959.5446672,1136.009791,0,,1123.17368,13971,10,97,1512,10,98,1085.536241,1150.595413,0,
101,50464,50464,East Perth,11681,1042.730604,9753,7,68,WA,898,6,59,814.7014101,1119.378139,0,,1079.902577,13302,10,92,1427,10,93,884.870806,1179.364763,0,,920.7359067,1262,1,9,145,1,10,667.6967104,1034.74,0,,1116.292108,13882,10,96,1495,10,97,968.8151152,1189.851965,0,
102,50467,50467,East Rockingham,311,818.6612078,417,1,3,WA,60,1,4,806.098324,829.5927098,0,,822.4662086,390,1,3,52,1,4,809.8696559,833.4270074,0,,844.8939459,394,1,3,72,1,5,820.3286955,866.2692199,0,,782.0150055,71,1,1,9,1,1,725.5129836,831.1798292,0,
103,50468,50468,East Victoria Park,10569,1046.166759,10069,7,70,WA,934,7,61,970.3046402,1114.208192,0.000378465,,1061.660596,12594,9,88,1310,9,86,998.4624403,1124.004236,0.000378465,,994.9313089,4726,4,33,430,3,28,843.6086641,1104.550172,0.000378465,,1086.765505,13276,10,92,1412,10,92,1035.521333,1136.387752,0.000378465,
104,50473,50473,Eden Hill,3703,991.439434,5299,4,37,WA,451,3,30,918.3226973,1032.150907,0,,967.0006227,5580,4,39,446,3,29,925.5645453,1006.664365,0,,990.531001,4404,4,31,407,3,27,954.3383679,1043.523394,0,,964.4924303,6171,5,43,641,5,42,918.4188093,1015.744676,0,
105,50474,50474,Edgewater,4657,1060.221657,11427,8,80,WA,1110,8,73,1028.145164,1084.136627,0.000644192,,1041.025064,11520,8,80,1125,8,74,1001.596322,1062.119827,0.000644192,,1064.577721,10683,8,74,1045,7,68,999.4213369,1103.768122,0.000644192,,1024.419274,10503,8,73,1077,7,70,974.7174539,1048.74577,0.000644192,
106,50476,50476,Eglinton (WA),3705,1030.3546,8635,6,60,WA,809,6,53,988.1916146,1068.262888,0,,995.7873598,8016,6,56,708,5,47,966.4356745,1043.559081,0,,1059.588495,10292,8,72,978,7,64,1005.944362,1102.145045,0,,965.6069612,6279,5,44,657,5,43,943.5162002,1015.065403,0,
107,50482,50482,Ellenbrook,24668,978.1669228,4304,3,30,WA,345,3,23,812.0648083,1059.162211,0,,952.3002081,4422,4,31,341,3,23,735.4757929,1033.487444,0,,1024.867385,7162,5,50,626,5,41,778.6053952,1155.857693,0,,921.2317606,3211,3,23,319,3,21,709.0876655,982.1689143,0,
108,50484,50484,Embleton,3600,991.2472652,5286,4,37,WA,445,3,29,916.1171252,1051.267385,0.000897436,,991.6272233,7610,6,53,678,5,45,931.8810436,1044.694059,0.000897436,,979.4500635,3681,3,26,333,3,22,933.0699781,1036.255649,0.000897436,,1004.507789,9090,7,63,908,6,59,944.7145627,1057.105616,0.000897436,
109,50491,50491,Erskine (WA),5429,964.7552465,3495,3,25,WA,279,2,19,882.3975346,1003.870936,0.070547062,,927.8099875,2933,3,21,233,2,16,859.2660185,968.7820641,0.070547062,,988.9418612,4332,3,30,402,3,27,862.6080215,1042.726272,0.070547062,,906.240714,2377,2,17,220,2,15,828.695849,947.2379878,0.070547062,
110,50500,50500,Falcon,5531,974.6517193,4092,3,29,WA,316,3,21,857.432151,1045.046934,0,,946.2341802,4035,3,28,310,3,21,844.0787891,1022.780637,0,,996.5765876,4866,4,34,434,3,29,885.3637643,1114.765079,0,,926.2559787,3523,3,25,346,3,23,855.1625519,978.0110451,0,
111,50502,50502,Ferndale (WA),4457,1003.34272,6256,5,44,WA,556,4,37,932.9159596,1046.261417,0,,985.4753546,7148,5,50,619,5,41,930.2921577,1019.073746,0,,997.9519729,4977,4,35,437,3,29,937.6199273,1054.381485,0,,989.6101391,8010,6,56,815,6,53,929.88458,1011.409024,0,
112,50510,50510,Floreat,8621,1124.686329,14375,10,100,WA,1531,10,100,1073.058121,1156.613896,0,,1169.853993,14389,10,100,1536,10,100,1130.977327,1212.549366,0,,1144.345776,14234,10,99,1521,10,99,1074.861819,1233.827338,0,,1167.058516,14354,10,100,1536,10,100,1127.265807,1196.949724,0,
113,50517,50517,Forrestdale,1027,1001.47056,6085,5,43,WA,530,4,35,952.1749175,1049.328841,0,,979.0863649,6590,5,46,549,4,36,908.9054527,1032.386943,0,,1052.789166,9725,7,68,916,6,60,1004.062128,1087.314275,0,,938.4182597,4324,3,30,419,3,28,880.9636627,992.9977712,0,
114,50518,50518,Forrestfield,13181,987.6819348,4996,4,35,WA,409,3,27,875.6637131,1049.683393,0,,954.8553966,4649,4,33,367,3,24,863.3047369,1025.502757,0,,1005.686529,5526,4,39,488,4,32,855.693544,1093.903601,0,,914.810986,2859,2,20,273,2,18,836.1162661,969.9933728,0,
115,50522,50522,Fremantle,9251,1029.552277,8552,6,60,WA,797,6,52,914.0666691,1082.582504,0,,1059.141286,12484,9,87,1294,9,85,971.9020008,1106.883829,0,,961.1755511,2705,2,19,253,2,17,810.8161709,1061.161743,0,,1107.070752,13717,10,95,1465,10,95,1044.902794,1148.207637,0,
116,50529,,,,,,,,,,,,,,,,,,,,,,,,,,,,,,,,,,,,,,,,,,,,,,,,
117,50542,50542,Gidgegannup,2818,1071.735624,12398,9,86,WA,1258,9,82,1042.079224,1093.592967,0,,1056.667211,12375,9,86,1256,9,82,1022.329002,1073.804484,0,,1131.569689,14065,10,98,1497,10,98,1090.460358,1159.840947,0,,1008.706663,9402,7,65,937,7,61,971.343843,1055.069953,0,
118,50550,50550,Girrawheen,8897,858.8066867,666,1,5,WA,81,1,6,767.0281527,933.6055,0,,867.5625519,899,1,7,98,1,7,788.6697504,925.1247661,0,,903.1594094,895,1,7,114,1,8,840.0640973,981.2124127,0,,887.2475176,1555,2,11,162,2,11,831.3070135,954.0998297,0,
119,50552,50552,Glen Forrest,2789,1077.096566,12747,9,89,WA,1307,9,85,1044.463458,1096.503783,0,,1062.168036,12619,9,88,1312,9,86,1023.042557,1095.062042,0,,1092.135439,12772,9,89,1320,9,86,1027.010844,1148.499527,0,,1049.602743,11863,9,82,1215,8,79,1033.48694,1102.499007,0,
120,50556,50556,Glendalough,2628,957.4779085,3109,3,22,WA,248,2,17,863.5316879,1001.162426,0.001141553,,963.6199574,5306,4,37,418,3,28,889.1848922,1000.817074,0.001141553,,882.3936302,630,1,5,98,1,7,813.3737181,900.8168438,0.001141553,,1012.01216,9641,7,67,955,7,62,969.3623626,1059.503261,0.001141553,
121,50561,50561,Gnangara,1347,1029.696474,8570,6,60,WA,798,6,52,997.7603101,1084.310202,0,,1016.20516,9676,7,67,917,6,60,965.4576448,1090.9612,0,,1091.634428,12756,9,89,1317,9,86,976.9001907,1186.369758,0,,946.6519456,4907,4,34,494,4,32,926.6602805,1000.518358,0,
122,50566,50566,Golden Bay,5681,1000.890009,6043,5,42,WA,520,4,34,924.9123051,1087.452908,0,,969.3566534,5781,4,40,475,4,31,904.6957585,1073.698602,0,,1031.449871,7812,6,55,678,5,45,958.2597505,1175.55412,0,,944.8026139,4763,4,33,473,4,31,893.0038363,1004.917733,0,
123,50571,50571,Gooseberry Hill,3323,1094.345127,13702,10,95,WA,1448,10,95,1028.745908,1158.238694,0,,1092.722291,13650,10,95,1476,10,96,1032.305304,1166.05231,0,,1107.666011,13421,10,93,1424,10,93,1040.342805,1181.221604,0,,1074.575901,12952,9,90,1368,9,89,1039.523706,1109.629637,0,
124,50574,50574,Gosnells,21149,891.8847406,1106,1,8,WA,113,1,8,798.2349501,1041.74026,0,,880.2243389,1190,1,9,122,1,8,816.7750155,1021.374415,0,,934.7302826,1641,2,12,170,2,12,756.6242462,1109.00764,0,,867.6889019,973,1,7,113,1,8,781.1263841,1002.123241,0,
125,50583,50583,Greenfields,9869,889.6605079,1062,1,8,WA,111,1,8,771.4701451,1066.751782,0.055426082,,868.2272487,908,1,7,100,1,7,782.6127913,1038.490892,0.055426082,,954.0597136,2378,2,17,226,2,15,851.0291825,1138.032178,0.055426082,,841.5559679,473,1,4,53,1,4,765.1613695,971.7349917,0.055426082,
126,50585,50585,Greenmount (WA),2666,1030.716796,8658,6,60,WA,812,6,53,998.4068449,1075.777548,0,,999.2546767,8285,6,58,745,5,49,965.0917423,1059.14078,0,,1038.592824,8479,6,59,770,6,51,977.3357959,1102.574638,0,,982.3945946,7435,6,52,768,5,50,942.6314091,1046.406752,0,
127,50587,50587,Greenwood (WA),9861,1054.201256,10835,8,75,WA,1037,7,68,996.1143662,1092.276408,0,,1033.392698,10953,8,76,1032,7,68,973.5002717,1068.963143,0,,1058.882966,10244,8,71,975,7,64,1021.576167,1090.766925,0,,1017.642616,10050,7,70,1026,7,67,969.9963389,1047.086304,0,
128,50594,50594,Guildford (WA),2040,1039.138451,9410,7,66,WA,869,6,57,978.7826875,1098.565522,0,,1061.271644,12582,9,87,1308,9,85,1036.752779,1103.064553,0,,1054.662234,9866,7,69,926,7,61,1006.797343,1142.835542,0,,1085.59253,13237,10,92,1406,10,92,1060.722124,1115.132462,0,
129,50599,50599,Gwelup,5391,1109.456305,14146,10,98,WA,1514,10,99,1052.735103,1143.234754,0,,1122.180959,14067,10,98,1516,10,99,1055.552573,1171.892547,0,,1125.68062,13957,10,97,1493,10,97,1022.687592,1193.819654,0,,1101.774622,13624,10,94,1456,10,95,1046.828618,1135.612528,0,
130,50601,50601,Hacketts Gully,55,1058.736134,11266,8,78,WA,1097,8,72,1058.736134,1058.736134,0,Y,1070.33581,12973,9,90,1370,9,90,1070.33581,1070.33581,0,Y,1097.671485,13020,10,91,1349,9,88,1097.671485,1097.671485,0,Y,1051.042873,11951,9,83,1226,8,80,1051.042873,1051.042873,0,Y
131,50603,50603,Halls Head,14474,1008.496736,6688,5,47,WA,596,4,39,856.1447974,1081.27438,0,,985.3771867,7140,5,50,618,5,41,838.4514993,1073.089855,0,,1046.12438,9103,7,63,845,6,55,893.3647632,1110.346963,0,,952.4121396,5310,4,37,541,4,36,857.4340733,1023.629502,0,
132,50607,50607,Hamersley,5209,1055.444144,10963,8,76,WA,1054,7,69,1035.486162,1091.576576,0,,1037.294687,11223,8,78,1066,7,70,991.2840962,1061.838036,0,,1054.814597,9884,7,69,928,7,61,1020.828021,1096.409204,0,,1036.305169,11218,8,78,1143,8,74,970.2430092,1081.960679,0,
133,50609,50609,Hamilton Hill,11327,963.0953449,3390,3,24,WA,273,2,18,881.2577503,1023.870752,0,,961.1874342,5073,4,36,400,3,26,904.9096212,1007.311825,0,,939.7358322,1845,2,13,184,2,12,833.9967532,1018.766531,0,,995.6347129,8456,6,59,863,6,56,944.7278149,1040.737262,0,
134,50610,50610,Hammond Park,6985,1083.32433,13185,10,92,WA,1367,9,89,1005.710612,1125.249651,0,,1061.660442,12593,9,88,1309,9,86,982.2237001,1105.597048,0,,1088.674283,12571,9,87,1297,9,85,929.1681342,1162.763829,0,,1035.13842,11171,8,78,1135,8,74,927.8384129,1094.207238,0,
135,50613,50613,Harrisdale,11667,1074.093865,12580,9,87,WA,1283,9,84,927.9019667,1101.635986,0,,1059.388764,12492,9,87,1295,9,85,923.93055,1114.373135,0,,1096.260344,12953,9,90,1341,9,88,966.0568902,1171.581583,0,,1039.611451,11340,8,79,1148,8,75,963.8030924,1078.857633,0,
136,50619,50619,Haynes,2417,1045.770632,10025,7,70,WA,930,7,61,1024.360044,1072.358358,0,,1014.61609,9530,7,66,897,6,59,991.395783,1054.976515,0,,1074.103511,11491,8,80,1161,8,76,1066.160877,1091.268479,0,,982.5822977,7454,6,52,770,5,50,967.1579462,1012.109122,0,
137,50620,50620,Hazelmere,935,1019.130879,7614,6,53,WA,695,5,46,988.956407,1066.373013,0,,994.6950675,7910,6,55,698,5,46,961.0848802,1048.73063,0,,1031.716655,7823,6,55,679,5,45,994.510532,1067.085166,0,,974.074782,6895,5,48,714,5,47,953.9587269,1008.43944,0,
138,50622,50622,Heathridge,6898,1020.266152,7711,6,54,WA,699,5,46,983.519273,1076.357904,0,,987.707917,7320,6,51,639,5,42,955.2152798,1028.047753,0,,1023.401002,7025,5,49,610,4,40,980.3228489,1070.720328,0,,970.1930568,6611,5,46,692,5,45,931.3516974,1007.119957,0,
139,50623,50623,Helena Valley,4130,1052.089253,10622,8,74,WA,1009,7,66,963.8204447,1099.382427,0.001210654,,1029.481245,10668,8,74,996,7,65,951.0436595,1083.50257,0.001210654,,1079.22205,11909,9,83,1214,8,79,965.3706239,1160.605947,0.001210654,,987.5239325,7864,6,55,808,6,53,928.9641372,1026.256306,0.001210654,
140,50624,50624,Henderson,36,1057.446962,11144,8,78,WA,1076,7,70,910.7436204,1057.446962,0.277777778,,1023.102045,10227,8,71,965,7,63,885.9170413,1023.102045,0.277777778,,1093.445179,12841,9,89,1326,9,87,911.2808321,1093.445179,0.277777778,,968.815518,6522,5,45,683,5,45,896.4246876,968.815518,0.277777778,
141,50625,50625,Henley Brook,2500,1016.457537,7349,6,51,WA,660,5,43,975.1320772,1073.892765,0,,995.7251506,8008,6,56,706,5,46,944.8656346,1063.349954,0,,1080.908134,12026,9,84,1231,8,80,1022.832811,1159.140563,0,,939.5883769,4396,4,31,429,3,28,891.6729289,1005.110427,0,
142,50628,50628,Herne Hill (WA),1542,1020.910613,7778,6,54,WA,708,5,47,977.5507901,1077.412166,0,,994.4875037,7892,6,55,694,5,46,913.5657033,1076.885758,0,,1067.747613,10958,8,76,1101,8,72,993.1149864,1131.087767,0,,936.4808156,4200,3,29,409,3,27,849.8154707,984.7457541,0,
143,50629,50629,Herron,438,1004.500195,6352,5,44,WA,567,4,37,1004.500195,1004.500195,0,,974.1654339,6173,5,43,514,4,34,974.1654339,974.1654339,0,,1076.601857,11695,9,81,1177,8,77,1076.601857,1076.601857,0,,919.5429713,3115,3,22,311,3,21,919.5429713,919.5429713,0,
144,50633,50633,High Wycombe,12198,998.5486709,5890,5,41,WA,502,4,33,941.1822882,1051.044272,0,,961.8575315,5120,4,36,402,3,27,902.6911285,1024.552729,0,,1026.413046,7313,6,51,644,5,42,923.8966986,1105.882256,0,,914.1151908,2820,2,20,269,2,18,865.0936888,960.5307323,0,
145,50635,50635,Highgate (WA),2326,1040.359002,9562,7,67,WA,880,6,58,932.541239,1098.913639,0,,1068.491939,12880,9,90,1339,9,88,1011.609662,1115.632174,0,,917.3292326,1172,1,9,133,1,9,816.8642484,959.6281816,0,,1116.733834,13889,10,96,1496,10,97,1070.558603,1160.088743,0,
146,50636,50636,Hilbert,4165,1033.615675,8860,7,62,WA,833,6,55,908.0257532,1090.710305,0,,996.1159278,8039,6,56,711,5,47,888.512952,1023.206318,0,,1063.294141,10579,8,74,1023,7,67,974.9280807,1117.817658,0,,950.6161593,5173,4,36,516,4,34,872.9536242,976.7396616,0,
147,50638,50638,Hillarys,11200,1095.414503,13748,10,96,WA,1453,10,95,1030.233327,1145.859328,0,,1104.578412,13820,10,96,1491,10,97,1009.739764,1159.458763,0,,1111.508614,13591,10,94,1449,10,95,1007.160625,1189.458291,0,,1081.305257,13133,10,91,1396,10,91,985.705148,1125.539762,0,
148,50639,50639,Hillman,1807,913.7905383,1543,2,11,WA,149,1,10,878.696711,945.871396,0,,877.0817206,1126,1,8,117,1,8,851.1070551,897.1804379,0,,957.5454091,2505,2,18,239,2,16,943.0087059,968.5628774,0,,845.1495793,520,1,4,58,1,4,836.1954528,851.3730026,0,
149,50641,50641,Hilton (WA),4323,997.1930655,5788,5,41,WA,494,4,33,956.0806235,1040.573584,0,,1007.316675,8986,7,63,837,6,55,973.7609373,1041.112308,0,,973.4868655,3324,3,23,296,2,20,917.2086528,1034.513522,0,,1064.150513,12517,9,87,1297,9,84,1023.089031,1104.567852,0,
150,50645,50645,Hocking,6987,1053.167319,10741,8,75,WA,1028,7,67,1013.025576,1122.820378,0,,1026.273103,10453,8,73,983,7,64,971.9057465,1092.847721,0,,1084.626706,12316,9,86,1262,9,82,1006.435599,1146.868098,0,,991.1342656,8112,6,56,824,6,54,921.6256835,1045.140147,0,
151,50652,50652,Hope Valley (WA),39,1002.024832,6117,5,43,WA,533,4,35,1002.024832,1002.024832,0,,952.6791855,4447,4,31,343,3,23,952.6791855,952.6791855,0,,1046.938184,9173,7,64,848,6,56,1046.938184,1046.938184,0,,911.8047432,2693,2,19,247,2,17,911.8047432,911.8047432,0,
152,50653,50653,Hopeland (WA),313,1008.035918,6629,5,46,WA,580,4,38,1008.035918,1008.035918,0,,995.7264062,8009,6,56,707,5,46,995.7264062,995.7264062,0,,1067.562681,10932,8,76,1089,8,71,1067.562681,1067.562681,0,,1014.291985,9814,7,68,1000,7,65,1014.291985,1014.291985,0,
153,50657,50657,Hovea,713,1105.17338,14047,10,98,WA,1507,10,98,1103.258477,1106.933439,0,,1102.570543,13793,10,96,1489,10,97,1090.808688,1113.381304,0,,1144.619124,14238,10,99,1523,10,99,1143.726925,1145.439178,0,,1077.710877,13031,9,90,1376,9,90,1050.499391,1102.721973,0,
154,50661,50661,Huntingdale (WA),9021,983.2847757,4651,4,33,WA,378,3,25,918.0521478,1047.526963,0,,952.7394055,4457,4,31,345,3,23,898.0583929,1011.236794,0,,1031.026828,7781,6,54,671,5,44,956.4895839,1099.385198,0,,914.0484983,2816,2,20,268,2,18,860.1111603,955.0524083,0,
155,50664,50664,Iluka (WA),5669,1109.449961,14145,10,98,WA,1513,10,99,895.339192,1123.839725,0,,1124.024324,14093,10,98,1519,10,99,881.2353626,1151.150075,0,,1173.936497,14422,10,100,1535,10,100,866.6154299,1208.070533,0,,1069.872746,12746,9,88,1335,9,87,787.7670441,1103.597105,0,
156,50668,50668,Inglewood (WA),5837,1064.88632,11831,9,82,WA,1162,8,76,964.2515789,1115.423806,0,,1086.924018,13501,10,94,1457,10,95,1007.345109,1136.45089,0,,1013.195523,6198,5,43,526,4,35,906.7745087,1113.674671,0,,1109.641348,13772,10,96,1483,10,96,1075.129525,1143.493308,0,
157,50670,50670,Innaloo,9592,1035.627078,9078,7,63,WA,843,6,55,950.5933664,1104.389138,0.002189324,,1039.28731,11382,8,79,1095,8,72,976.8146169,1095.992821,0.002189324,,965.0406122,2908,3,21,263,2,18,904.8152579,1034.533131,0,,1072.155669,12868,9,89,1357,9,88,876.4555595,1107.848999,0,
158,50681,50681,Jandabup,291,1052.508288,10654,8,74,WA,1018,7,67,1052.508288,1052.508288,0,,1022.422916,10157,8,71,962,7,63,1022.422916,1022.422916,0,,1074.071508,11489,8,80,1160,8,76,1074.071508,1074.071508,0,,939.0127899,4375,4,31,424,3,28,939.0127899,939.0127899,0,
159,50682,50682,Jandakot,2533,1075.165961,12629,9,88,WA,1288,9,84,1039.385676,1102.007351,0,,1068.540011,12881,9,90,1340,9,88,1020.835248,1102.823547,0,,1116.552352,13735,10,95,1460,10,95,1073.829834,1167.921439,0,,1032.690851,11021,8,77,1118,8,73,983.1388768,1073.503488,0,
160,50683,50683,Jane Brook,3670,1055.480893,10970,8,76,WA,1055,7,69,994.2202049,1093.288444,0,,1027.080738,10508,8,73,986,7,65,978.1791631,1110.59488,0,,1105.269724,13338,10,93,1405,10,92,1044.731138,1201.568647,0,,960.2174955,5868,5,41,594,4,39,909.6254601,1018.13477,0,
161,50686,50686,Jarrahdale,1205,1029.057381,8483,6,59,WA,785,6,52,966.327164,1072.789604,0,,1004.792403,8781,7,61,814,6,53,926.9275419,1047.072986,0,,1080.980236,12029,9,84,1232,9,81,1014.033082,1128.67,0,,966.0875832,6324,5,44,671,5,44,880.9458751,1017.466101,0,
162,50696,50696,Jindalee (WA),4044,1080.449797,12976,9,90,WA,1335,9,87,1054.90308,1096.453944,0,,1070.650623,13000,9,90,1382,9,90,1053.841777,1118.535828,0,,1122.62192,13898,10,97,1487,10,97,1091.911417,1200.031739,0,,1018.818016,10152,8,71,1050,7,68,1012.900708,1039.45327,0,
163,50700,50700,Jolimont,1479,1051.603829,10586,8,74,WA,1000,7,65,992.5760182,1100.639664,0,,1066.809981,12802,9,89,1334,9,87,1007.076595,1130.407308,0,,974.5222117,3374,3,24,302,2,20,862.5945958,1093.024745,0,,1126.582725,14021,10,97,1516,10,99,1081.153709,1158.940257,0,
164,50701,50701,Joondalup,9193,1017.621714,7471,6,52,WA,682,5,45,946.560419,1106.659692,0,,1008.567837,9082,7,63,843,6,55,946.1077375,1091.408856,0,,980.7673351,3758,3,26,342,3,23,815.5154322,1138.62404,0,,1018.088564,10082,7,70,1033,7,67,945.6642269,1069.106091,0,
165,50702,50702,Joondanna,5283,1040.471804,9565,7,67,WA,881,6,58,988.7300321,1095.530944,0,,1044.928005,11765,9,82,1162,8,76,1008.267836,1093.577258,0,,970.430946,3184,3,23,289,2,19,914.3961123,1077.0698,0,,1079.734246,13096,10,91,1392,10,91,1053.233717,1107.791552,0,
166,50707,50707,Kalamunda,7163,1060.041663,11398,8,79,WA,1107,8,72,951.5349918,1113.838959,0,,1048.72593,11965,9,83,1183,8,77,955.7769256,1117.815271,0,,1053.90769,9817,7,68,924,7,61,910.5825429,1145.797691,0,,1042.378707,11506,8,80,1170,8,76,954.4639044,1101.20326,0,
167,50714,50714,Kallaroo,5305,1082.315131,13125,10,91,WA,1362,9,89,1016.187613,1125.407952,0,,1089.147476,13561,10,94,1465,10,96,971.3664358,1154.135958,0,,1100.523943,13161,10,91,1383,9,90,980.8717842,1178.058253,0,,1072.021808,12861,9,89,1354,9,88,968.5637702,1120.411267,0,
168,50724,50724,Karawara,1842,970.154818,3803,3,27,WA,295,2,20,798.0862789,1055.063667,0,,1000.064807,8363,6,58,759,5,50,877.334447,1073.781721,0,,939.5636197,1838,2,13,182,2,12,670.2510381,1066.104534,0,,1051.069397,11954,9,83,1229,8,80,1003.828657,1105.979728,0,
169,50725,50725,Kardinya,9137,1060.978555,11493,8,80,WA,1111,8,73,982.4650533,1114.977112,0,,1055.337806,12329,9,86,1253,9,82,988.5071529,1121.035729,0,,1048.652792,9354,7,65,877,6,57,916.3592914,1157.984073,0,,1047.080601,11752,9,82,1205,8,78,998.9277587,1098.388055,0,
170,50731,50731,Karnup,2096,1026.924583,8292,6,58,WA,763,5,50,994.2518277,1059.929335,0,,989.2897157,7436,6,52,646,5,42,947.3686672,1042.872451,0,,1091.113814,12738,9,89,1316,9,86,1020.957918,1152.55698,0,,930.15524,3745,3,26,361,3,24,907.0549142,984.4984714,0,
171,50732,50732,Karragullen,395,1068.759673,12173,9,85,WA,1220,8,80,1068.759673,1069.529504,0,,1037.093627,11213,8,78,1065,7,70,1037.093627,1074.409722,0,,1099.597128,13117,10,91,1374,9,90,1099.597128,1123.952546,0,,1011.848319,9624,7,67,952,7,62,1011.848319,1079.127205,0,
172,50733,,,,,,,,,,,,,,,,,,,,,,,,,,,,,,,,,,,,,,,,,,,,,,,,
173,50734,50734,Karrakup,172,1043.125432,9782,7,68,WA,900,6,59,1043.125432,1043.125432,0,,1027.483808,10531,8,73,987,7,65,1027.483808,1027.483808,0,,1027.940322,7462,6,52,654,5,43,1027.940322,1027.940322,0,,990.5404688,8074,6,56,818,6,53,990.5404688,990.5404688,0,
174,50740,50740,Karrinyup,9886,1093.07165,13653,10,95,WA,1430,10,93,971.3503935,1139.863098,0.028525187,,1110.468931,13910,10,97,1498,10,98,1015.847697,1182.130337,0.028525187,,1094.781033,12904,9,90,1333,9,87,945.5543705,1200.224148,0.028525187,,1096.643213,13508,10,94,1440,10,94,1031.70187,1122.764977,0.028525187,
175,50748,50748,Kelmscott,10575,943.2094353,2485,2,18,WA,212,2,14,766.2336334,1070.688556,0,,921.362133,2588,2,18,204,2,14,804.6302071,1038.797143,0,,962.5311218,2790,2,20,260,2,17,772.7807018,1111.742598,0,,907.1641118,2423,2,17,222,2,15,777.3608782,1030.833394,0,
176,50752,50752,Kensington (WA),4627,1081.935959,13090,10,91,WA,1359,9,89,1030.578783,1126.112446,0,,1109.062715,13893,10,97,1497,10,98,1043.185116,1157.142241,0,,1063.752497,10606,8,74,1029,7,67,970.1322872,1110.915643,0,,1119.441058,13931,10,97,1503,10,98,1067.149941,1157.079364,0,
177,50754,50754,Kenwick,5684,935.0995631,2214,2,16,WA,193,2,13,895.2271454,993.4437745,0,,922.2921208,2633,2,19,205,2,14,895.248325,966.9379544,0,,978.0391288,3589,3,25,322,3,21,933.1394679,1034.817493,0,,897.3014322,1979,2,14,195,2,13,859.5360198,933.4645108,0,
178,50756,50756,Kewdale,7397,1001.091768,6065,5,42,WA,525,4,35,930.5173887,1046.70132,0,,989.6984622,7463,6,52,653,5,43,952.3813842,1038.631844,0,,973.0314653,3308,3,23,295,2,20,913.9666204,1027.520037,0,,991.0743976,8104,6,56,823,6,54,941.049298,1050.601094,0,
179,50757,50757,Keysbrook,265,1027.516169,8343,6,58,WA,767,5,50,1003.721016,1027.516169,0,,1008.815213,9098,7,63,844,6,55,975.9240974,1008.815213,0,,1042.769067,8820,7,61,806,6,53,1042.769067,1051.811397,0,,1034.505519,11145,8,77,1131,8,74,967.872933,1034.505519,0,
180,50758,50758,Kiara,1776,1000.828397,6039,5,42,WA,518,4,34,975.8209983,1027.680886,0,,971.0165622,5902,5,41,489,4,32,953.5864286,996.5224243,0,,1017.456475,6564,5,46,544,4,36,966.9775328,1052.58805,0,,942.0363426,4542,4,32,449,3,30,920.9114419,967.1859751,0,
181,50764,50764,Kingsley,13204,1068.596988,12163,9,85,WA,1219,8,80,959.4165296,1107.131847,0,,1048.598765,11963,9,83,1182,8,77,928.9950111,1095.277777,0,,1077.969992,11803,9,82,1184,8,77,931.2662069,1149.187563,0,,1025.491501,10572,8,73,1079,7,70,938.4483073,1072.223736,0,
182,50766,50766,Kinross,6988,1060.216196,11425,8,79,WA,1109,8,73,1016.136449,1088.036563,0,,1030.906668,10773,8,75,1004,7,66,986.4746456,1070.902281,0,,1095.382727,12926,9,90,1339,9,87,1050.884028,1141.263089,0,,993.4594672,8283,6,58,839,6,55,948.4931119,1027.010263,0,
183,50781,50781,Koondoola,3919,794.7428473,337,1,3,WA,54,1,4,731.2271648,856.5958951,0,,821.4828894,384,1,3,51,1,4,759.4371856,849.1022336,0,,902.2356716,883,1,7,113,1,8,843.2861073,970.6025553,0,,846.2524787,531,1,4,60,1,4,812.9593785,882.8662351,0,
184,50782,50782,Koongamia,985,911.4657045,1489,2,11,WA,148,1,10,894.6616412,926.1333878,0,,887.9120862,1397,1,10,132,1,9,870.7300238,902.9097118,0,,924.0377275,1336,1,10,151,1,10,914.1269827,932.6884724,0,,885.9262847,1510,2,11,161,2,11,853.0339235,914.6368847,0,
185,50805,50805,Kwinana Beach,42,1002.024832,6118,5,43,WA,534,4,35,1002.024832,1002.024832,0.190476191,,952.6791855,4448,4,31,344,3,23,952.6791855,952.6791855,0.190476191,,1046.938184,9174,7,64,849,6,56,1046.938184,1046.938184,0.190476191,,911.8047432,2694,2,19,248,2,17,911.8047432,952.5494854,0.190476191,
186,50806,50806,Kwinana Town Centre,567,940.9014269,2407,2,17,WA,206,2,14,940.9014269,940.9014269,0,,913.4976143,2222,2,16,181,2,12,913.4976143,913.4976143,0,,937.4385012,1768,2,13,177,2,12,937.4385012,937.4385012,0,,916.3777127,2949,3,21,295,2,20,916.3777127,916.3777127,0,
187,50816,50816,Lake Coogee,4768,1051.511399,10576,8,74,WA,999,7,65,910.7436204,1080.688321,0,,1023.529511,10252,8,71,966,7,63,885.9170413,1057.129632,0,,1068.668544,11026,8,77,1105,8,72,911.2808321,1094.426461,0,,982.7479365,7462,6,52,775,6,51,896.4246876,1022.16166,0,
188,50828,50828,Lakelands (WA),6171,992.8093021,5450,4,38,WA,463,4,31,576.9325685,1069.710018,0,,958.7926472,4890,4,34,385,3,26,578.8548698,1049.446862,0,,1038.806753,8497,6,59,772,6,51,696.7010555,1107.738143,0,,931.2336674,3820,3,27,366,3,24,617.1128347,995.4992058,0,
189,50831,50831,Landsdale,15401,1058.855099,11274,8,78,WA,1100,8,72,1009.916976,1109.135868,0,,1048.345571,11946,9,83,1180,8,77,994.4779814,1100.109943,0,,1121.046785,13861,10,96,1480,10,97,1019.997643,1168.602264,0,,1003.454973,9030,7,63,906,6,59,931.9588035,1052.806326,0,
190,50833,50833,Langford,5505,908.9608533,1444,1,10,WA,136,1,9,829.6867026,976.4662682,0,,915.7064372,2350,2,17,189,2,13,851.3455115,983.1320896,0,,939.7062845,1843,2,13,183,2,12,860.0396041,1050.678272,0,,932.1563241,3907,3,27,371,3,25,891.2211664,983.2627708,0,
191,50835,50835,Lathlain,3699,1063.814397,11731,9,82,WA,1143,8,75,1020.184352,1089.910104,0,,1067.900409,12841,9,89,1337,9,87,1039.67186,1093.731494,0,,1018.180423,6625,5,46,548,4,36,921.9213081,1080.990924,0,,1075.561352,12990,9,90,1373,9,89,1049.171386,1094.900747,0,
192,50838,50838,Leda,3202,908.7130754,1438,1,10,WA,135,1,9,867.8031893,975.9254686,0,,891.2457904,1480,2,11,136,1,9,857.9982276,953.1580627,0,,980.8519547,3762,3,27,343,3,23,913.7763585,1035.609329,0,,868.9176489,997,1,7,118,1,8,825.2132585,913.1373743,0,
193,50840,50840,Leederville,3686,1088.919802,13442,10,93,WA,1396,10,91,1039.83287,1106.65184,0,,1113.966135,13971,10,97,1507,10,98,1057.312785,1133.831308,0,,1004.77426,5449,4,38,478,4,32,947.3310285,1077.83629,0,,1150.85435,14257,10,99,1529,10,99,1123.647037,1178.11316,0,
194,50842,50842,Leeming,10883,1089.305745,13458,10,94,WA,1397,10,91,1028.061153,1151.323527,0,,1085.255619,13458,10,94,1452,10,95,1011.274165,1119.750047,0,,1106.129856,13377,10,93,1419,10,93,1037.88426,1159.655538,0,,1068.252697,12697,9,88,1330,9,87,1014.301103,1124.462863,0,
195,50849,50849,Lesmurdie,8413,1068.46753,12150,9,85,WA,1216,8,80,991.179164,1113.043407,0,,1049.40092,11991,9,83,1193,8,78,993.4759196,1116.757189,0,,1084.548594,12310,9,86,1261,9,82,965.8655509,1152.561575,0,,1028.565203,10769,8,75,1093,8,71,983.0320363,1088.018131,0,
196,50850,50850,Lexia,30,1007.494858,6567,5,46,WA,578,4,38,1007.494858,1007.494858,0,Y,1015.938821,9661,7,67,915,6,60,1015.938821,1015.938821,0,Y,1099.467063,13111,10,91,1373,9,90,1099.467063,1099.467063,0,Y,941.8429659,4529,4,32,448,3,29,941.8429659,941.8429659,0,Y
197,50857,50857,Lockridge,3322,870.0536833,782,1,6,WA,91,1,6,822.8232082,959.0937436,0,,864.4979392,837,1,6,94,1,7,826.4186778,918.0324342,0,,899.2858906,856,1,6,111,1,8,846.2117342,952.3494457,0,,869.6996418,1014,1,7,120,1,8,825.8330643,920.9178711,0,
198,50871,50871,Lynwood (WA),3541,987.2691567,4970,4,35,WA,402,3,27,950.0315287,1034.285911,0,,970.7696688,5886,5,41,487,4,32,926.8717949,1003.199444,0,,975.9025962,3463,3,24,310,3,21,946.6178561,1012.134882,0,,976.545532,7036,5,49,726,5,47,926.4370053,1031.95165,0,
199,50873,50873,Maddington,12419,906.3370852,1386,1,10,WA,131,1,9,775.3835711,1057.425844,0,,898.2198623,1687,2,12,153,1,10,802.0968129,1023.076662,0,,958.1527984,2553,2,18,245,2,16,817.97018,1095.469359,0,,885.1296258,1488,2,11,157,2,11,815.1277631,973.4026734,0,
200,50874,50874,Madeley,6805,1061.818081,11538,8,80,WA,1119,8,73,1025.664972,1114.658597,0,,1049.325999,11986,9,83,1192,8,78,957.1136088,1105.190044,0,,1079.011231,11887,9,83,1210,8,79,883.1542195,1154.188834,0,,1028.42862,10766,8,75,1092,8,71,987.9701018,1056.316538,0,
201,50875,50875,Madora Bay,3830,1056.107752,11015,8,77,WA,1061,7,69,991.0769143,1094.873642,0,,1033.374368,10952,8,76,1031,7,67,955.4665279,1068.630267,0,,1101.432849,13192,10,92,1388,10,91,1006.715175,1153.360481,0,,990.7704744,8090,6,56,820,6,54,922.0774194,1008.064465,0,
202,50879,50879,Mahogany Creek,829,1071.913381,12414,9,86,WA,1259,9,82,1038.707358,1142.674744,0,,1036.385927,11156,8,78,1059,7,69,1009.246661,1102.341709,0,,1104.362417,13304,10,92,1398,10,91,1054.554181,1161.696946,0,,1000.678045,8812,7,61,894,6,58,967.6073198,1084.159998,0,
203,50881,50881,Maida Vale,4499,1051.318303,10563,8,74,WA,997,7,65,990.5003547,1158.238694,0,,1020.895001,10050,7,70,958,7,63,964.5691191,1166.05231,0,,1077.436987,11769,9,82,1180,8,77,1020.708657,1181.221604,0,,972.1370535,6755,5,47,700,5,46,898.4684119,1109.629637,0,
204,50884,,,,,,,,,,,,,,,,,,,,,,,,,,,,,,,,,,,,,,,,,,,,,,,,
205,50889,50889,Mandogalup,128,1082.130766,13101,10,91,WA,1360,9,89,1082.130766,1082.130766,0,,1032.389039,10882,8,76,1029,7,67,1032.389039,1032.389039,0,,1118.123912,13796,10,96,1472,10,96,1118.123912,1118.123912,0,,990.1630898,8046,6,56,817,6,53,990.1630898,990.1630898,0,
206,50890,50890,Mandurah,8804,835.5757366,524,1,4,WA,72,1,5,712.5354622,1060.823092,0.001022263,,839.2703671,508,1,4,64,1,5,754.7687068,1058.17233,0.001022263,,840.4730137,378,1,3,69,1,5,745.5633931,1034.045425,0.001022263,,864.2624624,887,1,7,105,1,7,803.4227476,1028.960683,0.001022263,
207,50893,50893,Manning,4219,1038.048713,9319,7,65,WA,861,6,56,896.2515661,1101.652113,0,,1068.938034,12898,9,90,1346,9,88,973.5785776,1117.368494,0,,1026.096947,7275,6,51,636,5,42,923.9158519,1102.657419,0,,1099.885498,13580,10,94,1445,10,94,1079.572494,1114.527697,0,
208,50896,50896,Marangaroo,10483,941.5815648,2425,2,17,WA,209,2,14,870.6102034,1020.396969,0,,932.2124552,3155,3,22,243,2,16,882.0447282,989.0921092,0,,1005.461972,5501,4,39,486,4,32,917.8705427,1134.388999,0,,909.3087001,2527,2,18,234,2,16,844.9571689,948.8403809,0,
209,50901,50901,Mardella,446,1043.428761,9804,7,68,WA,901,6,59,1031.192493,1047.983944,0,,1034.513365,11013,8,77,1039,7,68,984.190178,1053.247127,0,,1102.878366,13245,10,92,1393,10,91,1098.867895,1113.651412,0,,965.0675293,6226,5,43,642,5,42,885.5942084,994.652982,0,
210,50904,50904,Mariginiup,876,1063.949304,11749,9,82,WA,1145,8,75,1052.748801,1090.484299,0,,1047.067806,11880,9,83,1172,8,77,1035.014927,1053.530093,0,,1154.054111,14316,10,99,1528,10,100,1109.319298,1196.763819,0,,981.8023282,7402,6,52,765,5,50,947.5663661,996.5473849,0,
211,50905,50905,Marmion,2390,1107.17207,14081,10,98,WA,1510,10,99,1081.551814,1129.193677,0,,1111.164019,13926,10,97,1501,10,98,1085.831919,1126.202332,0,,1116.742642,13742,10,95,1462,10,95,1097.552956,1144.871753,0,,1088.079314,13298,10,92,1415,10,92,1071.912955,1108.674041,0,
212,50911,50911,Martin,1854,1024.700156,8060,6,56,WA,729,5,48,942.0034669,1066.633131,0,,1004.353626,8742,7,61,810,6,53,926.7934741,1055.957784,0,,1077.017325,11731,9,82,1178,8,77,976.4151854,1154.271378,0,,967.6293986,6450,5,45,682,5,45,916.8008754,1002.123241,0,
213,50917,50917,Maylands (WA),13199,1017.540679,7469,6,52,WA,681,5,45,870.2300354,1133.243493,0.000606107,,1032.080179,10862,8,76,1017,7,67,912.7685579,1155.580614,0.000606107,,934.0507813,1618,2,12,169,2,11,753.3388951,1159.322694,0.000606107,,1079.111145,13077,10,91,1385,9,90,998.1447128,1136.209121,0.000606107,
214,50922,50922,Meadow Springs,9160,999.2260013,5933,5,42,WA,512,4,34,893.8223773,1091.676439,0,,967.0766447,5588,4,39,448,3,30,875.8301402,1050.507452,0,,1037.674728,8390,6,58,738,5,48,887.7659302,1122.811127,0,,931.1449081,3808,3,27,365,3,24,841.3716761,976.8093806,0,
215,50925,50925,Medina,2260,859.4021722,668,1,5,WA,82,1,6,779.8693059,908.111178,0,,849.3447672,606,1,5,74,1,5,784.4045888,886.1630128,0,,877.7167648,580,1,5,97,1,7,830.1000219,912.4072201,0,,863.2976013,868,1,6,101,1,7,788.6775937,882.2328355,0,
216,50932,50932,Melville (WA),6204,1084.558498,13240,10,92,WA,1372,9,90,1027.038168,1111.199489,0,,1088.760342,13550,10,94,1464,10,96,1022.393076,1118.521379,0,,1078.559903,11849,9,82,1207,8,79,967.712043,1146.17529,0,,1082.070947,13162,10,91,1401,10,91,1044.44947,1118.1558,0,
217,50933,50933,Menora,2691,1053.540034,10771,8,75,WA,1033,7,68,821.5303035,1137.79137,0,,1068.975177,12899,9,90,1347,9,88,842.0885791,1149.975701,0,,1048.172084,9303,7,65,869,6,57,805.2897513,1147.398588,0,,1080.162794,13109,10,91,1393,10,91,896.8755698,1154.680433,0,
218,50939,50939,Merriwa (WA),5587,924.3015137,1802,2,13,WA,161,2,11,883.2459046,973.1668067,0.0712368,,900.1565056,1755,2,13,158,2,11,858.9549902,949.4424528,0.0712368,,974.4067554,3372,3,24,301,2,20,921.6496521,1034.25052,0,,867.757861,976,1,7,114,1,8,722.8964471,928.4215773,0.0712368,
219,50944,50944,Middle Swan,2852,933.7186388,2139,2,15,WA,190,2,13,881.1625137,1075.027571,0.00911641,,908.9957813,2032,2,15,173,2,12,854.8542357,1027.973299,0.00911641,,969.0207258,3114,3,22,283,2,19,927.6394916,1151.750373,0.00911641,,890.6999141,1690,2,12,172,2,12,820.5983899,1001.860699,0.00911641,
220,50947,50947,Midland,6335,878.9600908,905,1,7,WA,99,1,7,848.8773412,944.3296061,0,,873.0440528,1028,1,8,108,1,8,853.9397617,932.0901921,0,,842.6090057,383,1,3,70,1,5,742.4133118,929.316806,0,,891.1786563,1727,2,12,177,2,12,855.2477993,946.5779013,0,
221,50948,50948,Midvale,2283,927.5227855,1940,2,14,WA,176,2,12,820.9972237,1010.229967,0,,907.3921418,1990,2,14,167,2,11,832.5404062,970.149456,0,,937.7629375,1778,2,13,178,2,12,806.9412326,1030.937098,0,,903.320857,2262,2,16,213,2,14,838.2924776,939.9881109,0,
222,50953,50953,Millendon,490,1034.066995,8908,7,62,WA,838,6,55,1034.066995,1034.066995,0,,1028.506876,10613,8,74,991,7,65,1028.506876,1028.506876,0,,1074.212437,11515,8,80,1162,8,76,1074.212437,1074.212437,0,,1001.898073,8915,7,62,896,6,58,1001.898073,1001.898073,0,
223,50960,50960,Mindarie (WA),7867,1084.213357,13222,10,92,WA,1369,9,89,1004.092459,1130.637359,0,,1082.856773,13393,10,93,1442,10,94,1018.117245,1143.054316,0,,1136.678427,14134,10,98,1500,10,98,1045.744403,1193.203654,0,,1026.630219,10643,8,74,1086,8,71,973.4494935,1093.693398,0,
224,50970,50970,Mirrabooka (WA),8000,830.9208075,484,1,4,WA,66,1,5,740.1149742,908.9434268,0,,856.4100395,691,1,5,82,1,6,797.8962452,917.1576036,0,,929.725872,1488,2,11,160,2,11,860.05357,970.9147214,0,,871.5890424,1063,1,8,122,1,8,822.5857034,958.9707296,0,
225,50998,50998,Morley,22539,992.7621951,5446,4,38,WA,461,3,30,921.5301998,1051.344468,0,,980.326746,6677,5,47,561,4,37,917.7735508,1020.861604,0,,992.3843022,4542,4,32,414,3,27,902.5648968,1058.572814,0,,974.889705,6950,5,48,718,5,47,924.8335932,1039.158105,0,
226,51000,51000,Mosman Park (WA),9169,1061.456514,11516,8,80,WA,1115,8,73,964.2743626,1149.542488,0,,1106.950424,13864,10,96,1494,10,98,977.8373061,1210.603922,0,,1046.821274,9163,7,64,847,6,56,851.6582935,1207.368893,0,,1135.270304,14108,10,98,1525,10,99,1037.442441,1222.258596,0,
227,51008,51008,Mount Claremont,4999,1094.775163,13723,10,95,WA,1451,10,95,995.1729595,1145.963535,0,,1142.752668,14257,10,99,1530,10,100,1063.042916,1200.93609,0,,1102.33387,13231,10,92,1392,10,91,1001.769265,1199.156219,0,,1169.872276,14370,10,100,1538,10,100,1135.424852,1208.487601,0,
228,51015,51015,Mount Hawthorn,8183,1093.432038,13672,10,95,WA,1439,10,94,1029.584245,1138.542703,0,,1121.068408,14058,10,98,1515,10,99,1056.43708,1163.831926,0,,1076.106744,11671,9,81,1175,8,77,959.9936631,1142.840428,0,,1133.66234,14091,10,98,1523,10,99,1083.205714,1167.384141,0,
229,51016,51016,Mount Helena,3373,1032.820423,8801,7,61,WA,825,6,54,1006.380929,1051.372067,0,,1005.519338,8859,7,62,819,6,54,973.3763521,1032.578427,0,,1087.095434,12483,9,87,1283,9,84,1044.419762,1132.834677,0,,960.2931952,5873,5,41,595,4,39,932.8618639,1009.755745,0,
230,51021,51021,Mount Lawley,11328,1075.486004,12639,9,88,WA,1289,9,84,946.5750871,1135.525878,0,,1102.375949,13790,10,96,1488,10,97,983.7287232,1169.482732,0,,1022.173278,6939,5,48,604,4,40,862.1388408,1153.421715,0,,1123.426471,13972,10,97,1513,10,98,1050.475759,1164.305572,0,
231,51026,51026,Mount Nasura,2997,1030.563165,8645,6,60,WA,811,6,53,961.6529567,1093.922961,0,,997.8014539,8171,6,57,725,5,48,936.5858508,1068.112356,0,,1050.967542,9551,7,67,891,6,58,1002.047061,1139.470661,0,,969.1976933,6544,5,46,685,5,45,937.6811158,1014.331413,0,
232,51030,51030,Mount Pleasant (WA),7456,1102.838389,13975,10,97,WA,1489,10,97,1066.80146,1132.659549,0,,1127.392777,14134,10,98,1522,10,99,1084.383121,1175.313613,0,,1087.650462,12518,9,87,1287,9,84,947.7055349,1160.495267,0,,1115.932356,13877,10,96,1494,10,97,1092.120907,1149.620206,0,
233,51031,51031,Mount Richon,2067,1017.835165,7490,6,52,WA,688,5,45,959.7332003,1070.581313,0,,979.368356,6615,5,46,553,4,36,902.1579104,1042.229353,0,,1030.465722,7750,6,54,668,5,44,936.9557499,1124.476472,0,,937.3030501,4254,3,30,414,3,27,852.7217942,962.3504837,0,
234,51047,51047,Mullaloo,6190,1094.41367,13706,10,95,WA,1449,10,95,1031.138315,1118.337556,0,,1084.808061,13450,10,93,1450,10,95,985.7416896,1126.854523,0,,1119.607621,13829,10,96,1476,10,96,1037.067809,1148.13347,0,,1050.847466,11947,9,83,1225,8,80,961.3325094,1111.153611,0,
235,51055,51055,Mundaring,3190,1044.281189,9876,7,69,WA,910,6,60,972.2633086,1142.674744,0.003761756,,1018.810059,9853,7,69,937,7,61,953.1332817,1083.577907,0.003761756,,1055.221786,9925,7,69,934,7,61,930.6247433,1152.817641,0.003761756,,1005.402782,9160,7,64,917,6,60,957.2975861,1084.159998,0.003761756,
236,51056,51056,Mundijong,1246,974.0590698,4056,3,29,WA,310,3,21,932.1232765,1031.192493,0,,933.9536855,3235,3,23,254,2,17,882.5888257,984.190178,0,,1049.239271,9397,7,65,879,6,58,1012.967014,1113.651412,0,,855.6740989,695,1,5,81,1,6,803.9222791,885.5942084,0,
237,51060,51060,Munster,199,1052.252101,10635,8,74,WA,1010,7,66,973.8708844,1103.238293,0,,1024.273468,10301,8,72,970,7,64,946.8312868,1074.648827,0,,1074.287282,11528,8,80,1164,8,76,1055.176315,1086.718774,0,,939.2480035,4383,4,31,426,3,28,868.7641629,985.0970326,0,
238,51064,51064,Murdoch,3352,1018.898431,7593,6,53,WA,693,5,46,951.1202148,1074.104254,0,,1015.544369,9616,7,67,909,6,60,927.0650358,1084.386253,0,,1003.962264,5408,4,38,473,4,31,925.3742278,1082.23156,0,,1015.203739,9885,7,69,1003,7,65,902.464349,1106.836948,0,
239,51069,51069,Myaree,2105,1051.36311,10564,8,74,WA,998,7,65,1005.068206,1085.512854,0,,1050.905468,12109,9,84,1221,8,80,1004.581495,1075.54562,0,,1027.328137,7386,6,52,648,5,43,944.1662202,1067.026417,0,,1054.432627,12153,9,84,1244,9,81,1035.399825,1066.395729,0,
240,51096,,,,,,,,,,,,,,,,,,,,,,,,,,,,,,,,,,,,,,952.5494854,5331,4,37,543,4,36,952.5494854,952.5494854,0,
241,51098,51098,Nedlands,10561,1108.413231,14122,10,98,WA,1512,10,99,1025.655578,1155.983183,0,,1151.857708,14311,10,99,1532,10,100,1078.990127,1211.230734,0,,1080.567508,12011,9,84,1229,8,80,939.9422018,1174.304336,0,,1180.228091,14413,10,100,1543,10,100,1122.474203,1226.507065,0,
242,51101,51101,Neerabup,112,1078.57575,12842,9,89,WA,1315,9,86,1078.57575,1078.57575,0.151785714,,1075.257653,13164,10,92,1390,10,91,1075.257653,1075.257653,0.151785714,,1157.949988,14343,10,100,1530,10,100,1157.949988,1157.949988,0.151785714,,1026.909288,10658,8,74,1087,8,71,1026.909288,1026.909288,0.151785714,
243,51122,51122,Nollamara,12779,960.4487665,3222,3,23,WA,261,2,17,893.4578765,1035.04432,0,,960.1542197,5011,4,35,396,3,26,904.6922166,1019.034125,0,,921.5894406,1278,1,9,147,1,10,874.5549156,1001.521587,0,,997.6733663,8597,6,60,880,6,57,942.1766658,1048.692355,0,
244,51124,51124,Noranda,8002,1027.111348,8314,6,58,WA,764,5,50,996.1530185,1070.872765,0,,1015.684196,9626,7,67,910,6,60,985.6171954,1055.170962,0,,1044.449698,8977,7,63,826,6,54,1016.579873,1110.176552,0,,994.2061046,8355,6,58,849,6,55,933.6715328,1040.363719,0,
245,51130,51130,North Beach (WA),3689,1066.133997,11927,9,83,WA,1173,8,77,915.1087874,1106.494415,0,,1082.829271,13392,10,93,1441,10,94,953.1570297,1125.07357,0,,1037.594545,8381,6,58,737,5,48,852.0444245,1098.27528,0,,1092.864963,13417,10,93,1431,10,93,1030.146094,1127.948185,0,
246,51135,51135,North Coogee,3741,1099.600488,13885,10,97,WA,1473,10,96,1041.440308,1124.378146,0,,1123.11684,14084,10,98,1518,10,99,1049.741378,1165.657778,0,,1098.502555,13063,10,91,1358,9,89,971.0981606,1215.028877,0,,1082.651098,13178,10,91,1402,10,91,1032.921786,1122.60612,0,
247,51138,51138,North Fremantle,3947,1071.076771,12354,9,86,WA,1251,9,82,960.3283833,1106.280811,0,,1111.051824,13923,10,97,1500,10,98,994.3464394,1146.340579,0,,1018.950278,6669,5,47,558,4,37,864.6024965,1096.612789,0,,1155.947712,14292,10,99,1532,10,100,1070.793657,1188.169061,0,
248,51144,51144,North Lake,1299,1081.333313,13062,10,91,WA,1357,9,89,1057.90319,1098.089169,0,,1083.816776,13424,10,93,1445,10,94,1059.576609,1110.963493,0,,1096.682172,12982,9,90,1346,9,88,1057.597037,1127.987135,0,,1069.923957,12749,9,88,1336,9,87,1049.455984,1082.408655,0,
249,51147,51147,North Perth,9623,1067.561908,12062,9,84,WA,1205,8,79,969.5997822,1107.766624,0,,1098.605369,13733,10,95,1484,10,97,1007.007661,1137.063358,0,,1025.27266,7188,5,50,630,5,41,827.1487905,1100.605047,0,,1117.518206,13907,10,96,1502,10,98,1077.879677,1154.867103,0,
250,51159,51159,Northbridge (WA),1420,1034.939472,9000,7,63,WA,841,6,55,1001.213529,1086.148828,0,,1062.059215,12616,9,88,1311,9,86,1033.604265,1108.178162,0,,891.8739615,744,1,6,106,1,7,866.7211499,942.6538827,0,,1097.45847,13527,10,94,1442,10,94,1066.23151,1137.25581,0,
251,51162,51162,Nowergup,189,1010.586243,6864,5,48,WA,612,4,40,1010.586243,1010.586243,0,,1011.577336,9307,7,65,870,6,57,1011.577336,1011.577336,0,,1103.301421,13259,10,92,1395,10,91,1103.301421,1103.301421,0,,975.1634112,6959,5,49,720,5,47,975.1634112,975.1634112,0,
252,51172,51172,O'Connor (WA),460,1018.682722,7559,6,53,WA,691,5,45,1011.389992,1022.756592,0,,1013.639563,9440,7,66,885,6,58,1010.053972,1020.058215,0,,968.7392622,3103,3,22,281,2,19,964.8072668,975.7780194,0,,1045.792197,11682,9,81,1191,8,78,1045.126501,1046.164068,0,
253,51174,51174,Oakford,2803,1059.225885,11322,8,79,WA,1102,8,72,1015.453747,1072.527317,0,,1046.510548,11848,9,82,1166,8,76,995.3566084,1071.662802,0,,1156.711665,14336,10,100,1529,10,100,1072.121682,1185.499118,0,,963.2144047,6074,5,42,626,5,41,925.585258,987.767155,0,
254,51176,51176,Ocean Reef,8125,1085.554456,13294,10,92,WA,1381,9,90,1043.505454,1131.414594,0,,1082.313171,13374,10,93,1438,10,94,1030.62883,1137.130252,0,,1125.210403,13950,10,97,1490,10,97,1058.990638,1190.681471,0,,1040.198129,11375,8,79,1151,8,75,992.1208313,1087.260379,0,
255,51179,51179,Oldbury,296,1020.840368,7760,6,54,WA,707,5,46,1020.840368,1020.840368,0,,1001.86489,8533,6,59,771,6,51,1001.86489,1001.86489,0,,1065.202149,10727,8,75,1055,7,69,1065.202149,1065.202149,0,,935.6135818,4141,3,29,391,3,26,935.6135818,935.6135818,0,
256,51185,51185,Orange Grove (WA),726,963.0308073,3385,3,24,WA,272,2,18,898.7928676,1042.781315,0,,954.5689455,4616,4,32,360,3,24,890.6748635,1033.892558,0,,1000.734961,5196,4,36,458,3,30,908.3253941,1115.46015,0,,921.3809677,3225,3,23,320,3,21,880.5573445,972.0629272,0,
257,51189,51189,Orelia,4535,876.0519801,864,1,6,WA,96,1,7,781.4401289,976.539935,0,,863.8311826,808,1,6,93,1,7,788.894955,941.7662467,0,,923.5269653,1321,1,10,150,1,10,810.7220164,1073.691959,0,,847.0665321,540,1,4,62,1,5,806.3657523,892.3589676,0,
258,51190,51190,Osborne Park,4463,992.7712346,5447,4,38,WA,462,4,31,944.7477713,1086.787491,0.002240645,,985.0268209,7119,5,50,616,5,41,944.1832964,1066.57119,0.002240645,,916.5454164,1156,1,8,131,1,9,840.672827,1033.598102,0.002240645,,1014.66407,9830,7,68,1001,7,65,876.4555595,1092.128266,0.002240645,
259,51192,51192,Padbury,8626,1063.771269,11727,9,82,WA,1141,8,75,1006.694262,1093.911464,0,,1041.579856,11551,8,80,1128,8,74,985.4943385,1086.293534,0,,1064.39087,10652,8,74,1040,7,68,1017.028137,1143.210328,0,,1029.971313,10863,8,75,1099,8,72,985.705148,1071.174361,0,
260,51197,51197,Palmyra (WA),7585,1040.666983,9574,7,67,WA,882,6,58,859.4898621,1117.849913,0,,1040.5342,11464,8,80,1113,8,73,904.701751,1096.032127,0,,993.4409878,4619,4,32,420,3,28,811.042388,1058.731987,0,,1072.07167,12866,9,89,1355,9,88,1020.098212,1107.650566,0,
261,51205,51205,Parkerville,2432,1074.027301,12575,9,87,WA,1282,9,84,1055.201824,1099.755107,0,,1052.686576,12207,9,85,1234,9,81,1027.836717,1086.706833,0,,1122.495097,13890,10,97,1485,10,97,1074.717505,1169.018634,0,,1012.370041,9677,7,67,964,7,63,975.4880862,1042.175326,0,
262,51208,51208,Parklands (WA),603,1026.785104,8279,6,58,WA,756,5,50,1026.785104,1026.785104,0,,996.819279,8084,6,56,716,5,47,996.819279,996.819279,0,,1103.27448,13258,10,92,1394,10,91,1103.27448,1103.27448,0,,929.902106,3720,3,26,357,3,24,929.902106,929.902106,0,
263,51209,51209,Parkwood (WA),5995,1013.80463,7102,5,50,WA,629,5,41,943.5166653,1051.441444,0,,997.5402191,8155,6,57,724,5,48,943.8466842,1045.057761,0,,1018.46414,6639,5,46,553,4,36,912.2778619,1091.824111,0,,984.6817865,7605,6,53,785,6,51,930.0786189,1041.993434,0,
264,51210,51210,Parmelia,6184,894.52239,1155,1,8,WA,115,1,8,833.9279891,977.5826542,0,,872.8440183,1023,1,8,107,1,7,828.9393522,938.6341604,0,,940.9444105,1899,2,14,186,2,13,867.4922189,1028.337313,0,,853.9705039,667,1,5,77,1,5,812.3455556,919.0242364,0,
265,51213,51213,Paulls Valley,83,1058.736134,11267,8,78,WA,1098,8,72,1058.736134,1058.736134,0,Y,1070.33581,12974,9,90,1371,9,90,1070.33581,1070.33581,0,Y,1097.671485,13021,10,91,1350,9,88,1097.671485,1097.671485,0,Y,1051.042873,11952,9,83,1227,8,80,1051.042873,1051.042873,0,Y
266,51219,51219,Pearsall,4244,1053.813498,10788,8,75,WA,1034,7,68,1007.044885,1099.302151,0,,1023.856514,10282,8,72,968,7,63,976.951549,1083.531351,0,,1067.186081,10890,8,76,1083,8,71,977.7910198,1127.104943,0,,991.2452086,8117,6,56,825,6,54,947.1439583,1074.991746,0,
267,51225,51225,Peppermint Grove,1597,1111.14654,14179,10,99,WA,1519,10,99,1096.239421,1130.575272,0,,1161.446316,14350,10,100,1535,10,100,1114.244303,1198.741808,0,,1119.891408,13838,10,96,1478,10,96,1054.334308,1171.0699,0,,1160.805908,14321,10,99,1533,10,100,1108.00064,1192.2043,0,
268,51229,,,,,,,,,,,,,,,,,,,,,,,,,,,,,,,,,,,,,,952.9003649,5354,4,37,549,4,36,952.9003649,952.9003649,0,
269,51230,51230,Perth (WA),13670,1040.33286,9557,7,67,WA,879,6,58,985.3735016,1102.487623,0.000292612,,1082.575929,13387,10,93,1440,10,94,1028.839824,1164.658593,0.000292612,,904.2401125,923,1,7,115,1,8,749.0992561,995.9267397,0.000292612,,1123.898715,13982,10,97,1514,10,98,1080.408449,1192.781761,0.000292612,
270,51234,51234,Piara Waters,15029,1087.644782,13396,10,93,WA,1388,10,91,1004.062033,1130.563778,0.000798456,,1073.850568,13113,10,91,1387,10,91,981.132799,1116.966697,0.000798456,,1112.50926,13617,10,95,1451,10,95,986.780718,1173.73412,0.000798456,,1052.888871,12071,9,84,1243,9,81,988.2396806,1104.648508,0.000798456,
271,51237,51237,Pickering Brook,579,1037.858455,9306,7,65,WA,860,6,56,1025.665316,1051.244401,0,,1013.536917,9429,7,66,884,6,58,1007.16247,1020.534952,0,,1052.083632,9648,7,67,907,6,59,1033.211294,1072.802178,0,,990.642068,8077,6,56,819,6,54,986.2373955,995.4776324,0,
272,51240,51240,Piesse Brook,214,1058.736134,11268,8,78,WA,1099,8,72,1058.736134,1058.736134,0,,1070.33581,12975,9,90,1372,9,90,1070.33581,1070.33581,0,,1097.671485,13022,10,91,1351,9,88,1097.671485,1097.671485,0,,1051.042873,11953,9,83,1228,8,80,1051.042873,1051.042873,0,
273,51246,51246,Pinjar,74,1041.131928,9611,7,67,WA,885,6,58,1041.131928,1041.131928,0,,961.9120948,5122,4,36,403,3,27,961.9120948,961.9120948,0,,1016.615933,6489,5,45,541,4,36,1016.615933,1016.615933,0,,961.9389305,5972,5,42,609,4,40,961.9389305,961.9389305,0,
274,51260,51260,Port Kennedy,13477,981.337002,4535,4,32,WA,363,3,24,894.3710888,1070.939284,0,,951.4227394,4348,4,31,336,3,22,870.7555025,1059.751049,0,,1043.710008,8916,7,62,817,6,54,958.0987151,1135.161107,0,,906.1291485,2375,2,17,219,2,15,836.0954261,1022.186592,0,
275,51271,51271,Queens Park (WA),7268,974.0638238,4059,3,29,WA,311,3,21,910.9996329,1017.282663,0,,973.9079044,6155,5,43,513,4,34,916.0203234,1019.177918,0,,964.6165576,2891,2,20,261,2,17,873.22299,1040.356607,0,,990.9320468,8096,6,56,822,6,54,933.8515652,1041.544796,0,
276,51278,51278,Quinns Rocks,8861,1029.707393,8574,6,60,WA,801,6,53,861.4203322,1095.738017,0,,1012.978352,9390,7,65,882,6,58,871.3408662,1103.078523,0,,1071.708524,11261,8,78,1121,8,73,918.6272508,1170.650155,0,,981.15873,7345,6,51,760,5,50,909.3935897,1044.323224,0,
277,51285,51285,Red Hill (WA),85,1089.899637,13497,10,94,WA,1410,10,92,1089.899637,1089.899637,0,Y,1110.59488,13911,10,97,1499,10,98,1110.59488,1110.59488,0,Y,1201.568647,14461,10,100,1539,10,100,1201.568647,1201.568647,0,Y,1018.13477,10090,7,70,1035,7,67,1018.13477,1018.13477,0,Y
278,51287,51287,Redcliffe (WA),5030,950.9904601,2794,2,20,WA,227,2,15,820.0141427,1027.884427,0,,951.7289061,4365,4,31,337,3,22,847.1160558,1018.034182,0,,946.6695605,2099,2,15,199,2,13,813.6060868,1058.676386,0,,958.4998256,5736,4,40,582,4,38,887.1063712,1006.556344,0,
279,51296,51296,Ridgewood (WA),4623,982.3212974,4600,4,32,WA,372,3,25,874.6248018,1032.079245,0,,957.1241569,4766,4,33,378,3,25,869.1796388,1001.482163,0,,1024.241634,7087,5,49,611,4,40,880.6358629,1095.264385,0,,936.9365099,4237,3,30,413,3,27,902.085457,975.0557076,0,
280,51298,51298,Riverton (WA),6078,1052.779716,10699,8,74,WA,1020,7,67,1030.549666,1071.899424,0,,1050.755781,12097,9,84,1214,8,79,1027.969066,1068.485023,0,,1036.340055,8264,6,58,732,5,48,989.2988694,1080.650666,0,,1063.414542,12471,9,87,1289,9,84,1012.207758,1089.139691,0,
281,51299,51299,Rivervale,10897,1002.980099,6205,5,43,WA,547,4,36,799.1406021,1126.219071,0,,1009.918461,9185,7,64,858,6,56,848.0754807,1135.011142,0,,937.1855978,1756,2,13,176,2,12,707.8154823,1096.986092,0,,1034.529375,11146,8,77,1132,8,74,941.5980467,1095.347094,0,
282,51301,51301,Rockingham (WA),15312,937.2167725,2300,2,16,WA,202,2,14,749.1127511,1050.020166,0.00039185,,918.1561276,2442,2,17,197,2,13,766.5973586,1024.38681,0.00039185,,938.4657191,1797,2,13,180,2,12,722.5214968,1082.673297,0.00039185,,899.7937043,2074,2,15,202,2,14,725.5129836,1018.325647,0.00039185,
283,51308,51308,Roleystone,6848,1067.985439,12106,9,84,WA,1209,8,79,1021.157284,1122.236831,0,,1044.531505,11732,9,82,1161,8,76,987.7169259,1116.641829,0,,1104.915955,13323,10,93,1400,10,91,1039.957903,1178.289459,0,,1006.640355,9259,7,64,922,6,60,946.8969172,1079.127205,0,
284,51312,51312,Rossmoyne,3638,1087.301968,13358,10,93,WA,1387,10,91,983.6315771,1128.008148,0,,1104.273162,13814,10,96,1490,10,97,985.4807665,1136.831513,0,,1081.795288,12092,9,84,1236,9,81,975.5217117,1120.320115,0,,1115.504807,13870,10,96,1492,10,97,1020.306647,1148.011847,0,
285,51314,51314,Rottnest Island,166,997.422107,5811,5,41,WA,495,4,33,997.422107,997.422107,0,,1032.328909,10872,8,76,1021,7,67,1032.328909,1032.328909,0,,778.3001396,239,1,2,54,1,4,778.3001396,778.3001396,0,,979.2655468,7235,5,50,736,5,48,979.2655468,979.2655468,0,
286,51319,51319,Safety Bay,7662,996.5741465,5739,4,40,WA,493,4,33,951.4863184,1039.961699,0,,963.5643794,5301,4,37,416,3,28,917.1314811,1011.887862,0,,1009.995148,5886,5,41,516,4,34,943.2401146,1072.32033,0,,938.3483441,4317,3,30,417,3,27,894.7320898,1013.808267,0,
287,51321,51321,Salter Point,2913,1102.792886,13973,10,97,WA,1488,10,97,1068.158261,1144.735921,0.085478888,,1128.374761,14145,10,98,1524,10,100,1105.101325,1159.123022,0.085478888,,1106.115188,13376,10,93,1418,10,93,1047.554471,1171.178961,0.085478888,,1125.804623,14016,10,97,1515,10,99,1100.862899,1178.704373,0.085478888,
288,51322,51322,Samson,1881,1039.312363,9422,7,66,WA,870,6,57,999.23944,1053.555644,0,,1017.320798,9761,7,68,932,7,61,969.0898162,1041.193132,0,,1048.446884,9343,7,65,873,6,57,988.5923313,1084.022407,0,,996.7777527,8524,6,59,871,6,57,949.9675702,1051.080154,0,
289,51323,51323,San Remo (WA),1022,1036.369189,9159,7,64,WA,848,6,56,1008.06354,1060.565125,0,,1016.597038,9714,7,68,926,7,61,994.9416298,1035.108286,0,,1059.511411,10288,8,72,977,7,64,1031.394785,1083.545769,0,,986.6140482,7783,6,54,800,6,52,974.8894995,996.6363031,0,
290,51328,51328,Sawyers Valley,1001,1035.660848,9080,7,63,WA,844,6,55,1009.984993,1051.17357,0.00999001,,1011.577606,9308,7,65,871,6,57,983.8712809,1029.013876,0.00999001,,1078.744726,11856,9,82,1208,8,79,1054.346045,1094.099415,0.00999001,,980.8543318,7331,6,51,759,5,50,942.7536267,1004.832041,0.00999001,
291,51330,51330,Scarborough (WA),17605,1072.19429,12422,9,86,WA,1261,9,82,1016.378969,1132.113062,0,,1080.109269,13311,10,93,1428,10,93,1031.319062,1163.236318,0,,1005.500067,5503,4,39,487,4,32,946.5696286,1132.912865,0,,1096.682826,13509,10,94,1441,10,94,1044.057095,1143.689399,0,
292,51337,51337,Secret Harbour,12474,1051.291259,10562,8,74,WA,996,7,65,913.6897846,1130.992527,0,,1028.794198,10623,8,74,994,7,65,885.6176306,1148.439175,0,,1105.27453,13339,10,93,1406,10,92,983.9920531,1213.7779,0,,980.7492739,7319,6,51,750,5,49,868.6625202,1060.644453,0,
293,51339,51339,Serpentine (WA),2863,1028.413194,8420,6,59,WA,781,6,51,976.8519158,1115.155116,0,,998.5139841,8227,6,57,735,5,48,970.9882071,1108.847159,0,,1092.085145,12770,9,89,1319,9,86,1011.93942,1273.416995,0,,931.3860057,3842,3,27,367,3,24,906.2668524,942.0451263,0,
294,51340,51340,Seville Grove,11408,961.6355914,3295,3,23,WA,269,2,18,895.0779192,1047.350288,0,,932.5851898,3176,3,22,245,2,16,865.2207362,1008.187342,0,,1019.285703,6696,5,47,560,4,37,961.2829818,1079.722472,0,,895.6882039,1905,2,14,187,2,13,790.8053908,963.0281547,0,
295,51345,51345,Shelley (WA),4795,1080.726163,12999,9,90,WA,1337,9,87,1030.426202,1129.535913,0,,1092.860728,13654,10,95,1477,10,96,1027.969066,1142.094956,0,,1065.350902,10748,8,75,1056,7,69,976.7774718,1119.45876,0,,1101.081741,13601,10,94,1446,10,94,1059.598317,1152.010537,0,
296,51346,51346,Shenton Park,4638,1079.488659,12924,9,90,WA,1327,9,87,976.3799722,1124.949338,0.016817594,,1126.220581,14116,10,98,1521,10,99,1044.199109,1175.893558,0.016817594,,1031.235343,7789,6,54,672,5,44,893.6410301,1106.487543,0.016817594,,1178.849463,14408,10,100,1542,10,100,1131.77577,1210.809862,0.016817594,
297,51348,51348,Shoalwater (WA),4368,964.2597291,3456,3,24,WA,278,2,19,834.3185524,1036.919279,0,,951.1553195,4336,3,30,333,3,22,853.4162249,1019.21324,0,,948.6573645,2159,2,15,204,2,14,825.6864717,1047.651962,0,,952.4759472,5321,4,37,542,4,36,874.1043182,1029.219953,0,
298,51351,51351,Silver Sands,1451,998.7665152,5897,5,41,WA,505,4,33,966.5332759,1015.670329,0,,970.0380228,5827,5,41,484,4,32,936.0212574,993.1276544,0,,1007.608899,5708,4,40,498,4,33,965.7825345,1032.089099,0,,944.5565724,4744,4,33,469,4,31,902.2258333,970.7312447,0,
299,51352,51352,Sinagra,3100,1039.790219,9479,7,66,WA,872,6,57,989.243287,1100.077246,0,,1009.875161,9177,7,64,857,6,56,960.9544209,1068.322826,0,,1075.648064,11637,9,81,1173,8,77,1002.0135,1133.804964,0,,981.7741057,7397,6,52,764,5,50,932.8206574,1020.241685,0,
300,51354,51354,Singleton (WA),4021,1037.615286,9288,7,65,WA,858,6,56,1022.544634,1051.202201,0,,1009.094344,9130,7,64,854,6,56,995.9848308,1028.138246,0,,1080.505454,12009,9,84,1228,8,80,1054.530826,1106.171385,0,,970.8423242,6637,5,46,697,5,46,941.0401148,985.4758937,0,
301,51360,51360,Sorrento (WA),7795,1102.534294,13967,10,97,WA,1487,10,97,1006.521283,1144.422972,0,,1111.606021,13941,10,97,1503,10,98,1013.945903,1135.136448,0,,1119.854474,13837,10,96,1477,10,96,950.8869711,1180.78238,0,,1087.458784,13282,10,92,1414,10,92,1043.194023,1110.576152,0,
302,51368,51368,South Fremantle,3398,1048.117921,10215,8,71,WA,944,7,62,983.6066261,1090.040419,0,,1079.207254,13274,10,92,1420,10,93,1017.681748,1115.898016,0,,1004.794314,5452,4,38,480,4,32,902.7286839,1053.216009,0,,1112.574241,13825,10,96,1490,10,97,1058.584497,1164.420572,0,
303,51371,51371,South Guildford,3781,1061.045806,11495,8,80,WA,1112,8,73,1010.455524,1111.363093,0.001322402,,1044.474294,11730,9,82,1160,8,76,994.4262921,1114.330466,0.001322402,,1080.260242,11995,9,83,1224,8,80,1007.690511,1137.408317,0.001322402,,1011.095353,9567,7,66,951,7,62,960.7779538,1068.410458,0.001322402,
304,51377,51377,South Lake,5831,973.81564,4041,3,28,WA,309,3,21,876.6849121,1056.669507,0,,954.8519235,4648,4,33,366,3,24,881.2451702,1028.807859,0,,1005.453542,5500,4,39,485,4,32,894.3504712,1081.403562,0,,934.8749715,4096,3,29,389,3,26,887.5525746,983.3940543,0,
305,51381,51381,South Perth,12596,1077.475447,12785,9,89,WA,1308,9,85,1007.313385,1117.683949,0,,1098.863727,13736,10,95,1485,10,97,1028.847127,1148.855665,0,,1006.262289,5588,4,39,490,4,32,904.5003569,1096.210545,0,,1129.827878,14058,10,97,1521,10,99,1067.149941,1173.757548,0,
306,51394,51394,Southern River,12852,1058.148278,11213,8,78,WA,1090,8,71,1000.817472,1080.801707,0.000778089,,1051.455007,12139,9,84,1223,8,80,995.8410494,1085.109145,0.000778089,,1101.261212,13185,10,92,1387,10,91,969.0272918,1141.18824,0.000778089,,1023.147592,10436,8,72,1071,7,70,921.871066,1063.385779,0.000778089,
307,51396,51396,Spearwood,10944,991.3898563,5295,4,37,WA,450,3,30,848.3716524,1062.667558,0,,971.1206038,5907,5,41,490,4,32,876.8734659,1047.039729,0,,986.899671,4188,3,29,376,3,25,812.6483636,1079.844178,0,,955.9054518,5539,4,39,570,4,37,854.6729577,1005.3105,0,
308,51402,51402,St James (WA),4894,1006.9815,6538,5,46,WA,576,4,38,963.9926519,1060.793388,0,,1016.003939,9663,7,67,916,6,60,969.06475,1073.310435,0,,939.1948073,1822,2,13,181,2,12,870.2310895,1012.776908,0,,1052.219662,12033,9,84,1230,8,80,1006.522074,1089.416021,0,
309,51405,51405,Stirling (WA),10165,1068.000638,12107,9,84,WA,1210,8,79,996.4888536,1124.241439,0,,1076.693417,13220,10,92,1410,10,92,980.6220264,1146.208507,0,,1097.330385,13012,9,90,1348,9,88,967.3424071,1176.753337,0,,1047.60697,11780,9,82,1211,8,79,954.301227,1122.149727,0,
310,51408,51408,Stoneville,2489,1059.053183,11294,8,79,WA,1101,8,72,1015.866544,1083.758476,0,,1034.687346,11028,8,77,1040,7,68,974.1496368,1077.793006,0,,1101.125265,13181,10,92,1386,10,91,1058.66173,1172.720064,0,,984.623406,7597,6,53,784,6,51,924.1917269,1009.315496,0,
311,51413,51413,Stratton,3267,907.4527401,1409,1,10,WA,133,1,9,847.2745572,935.3019837,0,,879.7946168,1181,1,9,121,1,8,841.4287462,895.9260556,0,,947.7077218,2134,2,15,203,2,14,885.452412,995.5236461,0,,861.5501444,807,1,6,98,1,7,825.8165845,884.7134481,0,
312,51416,51416,Subiaco,9940,1082.656469,13151,10,91,WA,1364,9,89,853.0005321,1138.762747,0,,1124.6136,14102,10,98,1520,10,99,943.6458165,1191.986574,0,,1002.515133,5326,4,37,467,4,31,737.5046776,1149.914951,0,,1168.528153,14361,10,100,1537,10,100,1073.075841,1222.459256,0,
313,51417,51417,Success,11340,1047.886695,10200,8,71,WA,943,7,62,939.7651849,1103.238293,0.018342152,,1035.769723,11109,8,77,1058,7,69,941.2679538,1085.450628,0.018342152,,1056.370962,10005,7,70,952,7,62,826.7038613,1149.158386,0.018342152,,1015.823183,9927,7,69,1017,7,66,929.1879632,1068.668631,0.018342152,
314,51420,51420,Swan View,7889,965.3074458,3508,3,25,WA,280,2,19,671.1465877,1060.906337,0,,940.0133281,3585,3,25,286,2,19,729.4268315,1059.14078,0,,999.1508033,5083,4,36,444,3,29,743.6438649,1102.574638,0,,914.605067,2847,2,20,272,2,18,842.3449972,1046.406752,0,
315,51421,51421,Swanbourne,4592,1118.316776,14311,10,99,WA,1529,10,100,1086.826342,1151.584602,0,,1157.659462,14334,10,100,1533,10,100,1102.566022,1186.491772,0,,1110.183976,13534,10,94,1442,10,94,1058.119098,1160.397369,0,,1173.084827,14384,10,100,1539,10,100,1104.390271,1208.795159,0,
316,51435,51435,Tapping,9547,1061.236153,11503,8,80,WA,1113,8,73,926.2890913,1121.221757,0,,1035.660286,11103,8,77,1057,7,69,880.0030815,1080.698866,0,,1105.836247,13364,10,93,1415,10,92,915.8383596,1166.236578,0,,994.4983957,8375,6,58,851,6,56,824.3566112,1034.88039,0,
317,51443,51443,The Lakes,20,1090.453458,13523,10,94,WA,1412,10,92,1090.453458,1090.453458,0,,1030.716533,10762,8,75,1002,7,66,1030.716533,1030.716533,0,,1120.801047,13857,10,96,1479,10,97,1120.801047,1120.801047,0,,760.0569416,39,1,1,3,1,1,760.0569416,760.0569416,0,
318,51446,51446,The Vines,5848,1076.849541,12720,9,88,WA,1300,9,85,991.024998,1106.632142,0,,1064.246086,12705,9,88,1315,9,86,972.2701196,1100.64284,0,,1137.661399,14153,10,98,1501,10,98,1013.665115,1190.333194,0,,1001.591856,8887,7,62,895,6,58,950.8620037,1041.701488,0,
319,51448,51448,Thornlie,23665,976.8067821,4201,3,30,WA,328,3,22,866.0971507,1052.904315,0,,958.3736802,4866,4,34,382,3,25,871.753949,1023.810604,0,,1008.324028,5754,4,40,508,4,33,881.240805,1110.581225,0,,940.2715769,4431,4,31,433,3,29,865.7737446,1009.131806,0,
320,51467,51467,Treeby,4214,1104.948852,14040,10,98,WA,1506,10,98,1058.926458,1146.382173,0,,1091.031108,13610,10,95,1473,10,96,1033.983093,1156.32344,0,,1104.914189,13322,10,93,1399,10,91,1047.747278,1190.963325,0,,1069.246612,12725,9,88,1334,9,87,994.773601,1108.792581,0,
321,51470,51470,Trigg,2855,1118.66148,14315,10,99,WA,1530,10,100,1106.437683,1145.814159,0,,1138.888662,14222,10,99,1528,10,100,1107.521331,1171.323269,0,,1128.255633,13998,10,97,1496,10,98,1087.077333,1182.207447,0,,1119.5227,13938,10,97,1504,10,98,1096.661834,1183.458391,0,
322,51472,51472,Tuart Hill,7541,1012.735101,7037,5,49,WA,625,5,41,952.8994325,1095.530944,0,,1006.936117,8969,7,63,835,6,55,949.1837642,1089.309471,0,,937.9147918,1781,2,13,179,2,12,868.4951181,1077.0698,0,,1036.219143,11216,8,78,1142,8,74,981.4360022,1095.993251,0,
323,51475,51475,Two Rocks,3822,986.3688376,4897,4,34,WA,398,3,26,869.754602,1076.846693,0,,956.5061065,4723,4,33,373,3,25,876.2436186,1045.661339,0,,1038.761955,8492,6,59,771,6,51,900.7965693,1164.876824,0,,917.7247316,3026,3,21,303,2,20,863.8406679,990.6243069,0,
324,51482,51482,Upper Swan,549,1004.845739,6375,5,45,WA,569,4,37,975.690984,1067.296549,0,,973.7205811,6139,5,43,512,4,34,942.8329867,1039.883212,0,,1053.489921,9784,7,68,922,6,60,1039.620493,1083.198865,0,,941.7703932,4526,4,32,445,3,29,904.3193643,1021.992199,0,
325,51490,51490,Victoria Park,9334,1043.468325,9805,7,68,WA,902,6,59,957.8001257,1105.413343,0,,1054.580355,12288,9,85,1244,9,81,973.6439651,1118.671292,0,,945.4855892,2047,2,15,196,2,13,814.5263808,1041.31978,0,,1090.555932,13353,10,93,1422,10,93,1039.171311,1151.963223,0,
326,51494,51494,Viveash,1280,1018.887709,7591,6,53,WA,692,5,45,999.1868718,1045.215518,0,,1000.058639,8362,6,58,758,5,50,983.258122,1022.510517,0,,1014.42952,6300,5,44,533,4,35,987.0342722,1051.039988,0,,984.7556431,7612,6,53,786,6,51,965.9952851,1009.826615,0,
327,51502,51502,Waikiki,12453,970.2135039,3805,3,27,WA,296,2,20,815.977467,1064.209622,0,,942.9992608,3811,3,27,293,2,20,814.9386973,1066.317553,0,,1011.425599,6045,5,42,519,4,34,890.5057539,1088.665951,0,,912.6269547,2737,2,19,256,2,17,778.5146412,1032.696079,0,
328,51508,51508,Walliston,1016,1066.03313,11920,9,83,WA,1172,8,77,1047.971051,1085.273853,0,,1027.966784,10576,8,74,989,7,65,992.8005924,1090.84755,0,,1074.397735,11537,8,80,1168,8,76,1035.586949,1129.839553,0,,983.1490146,7499,6,52,778,6,51,953.5606484,1004.007191,0,
329,51519,51519,Wandi,4324,1079.698508,12940,9,90,WA,1328,9,87,1065.859917,1102.872345,0,,1060.260896,12525,9,87,1300,9,85,1033.951717,1086.79392,0,,1092.18963,12774,9,89,1321,9,86,1044.876981,1167.308965,0,,1028.765729,10780,8,75,1094,8,71,965.37215,1057.807535,0,
330,51523,,,,,,,,,,,,,,,,,,,,,,,,,,,964.8370129,2899,3,21,262,2,18,964.8370129,964.8370129,0.581395349,,853.9783841,668,1,5,78,1,6,799.7507454,903.8678116,0,
331,51525,51525,Wannanup,4142,1003.171248,6228,5,44,WA,555,4,37,942.8005035,1042.258443,0,,975.1088462,6238,5,44,519,4,34,903.7173657,1027.738217,0,,1043.186431,8861,7,62,808,6,53,994.6697855,1070.43498,0,,937.9331167,4297,3,30,416,3,27,866.1931304,996.0299044,0,
332,51526,51526,Wanneroo,12113,988.6100108,5084,4,36,WA,420,3,28,814.558272,1089.723564,0,,968.2492306,5694,4,40,464,4,31,831.388118,1071.975667,0,,1019.964117,6742,5,47,570,4,38,840.1384861,1137.33916,0,,946.5606555,4894,4,34,493,4,32,836.32828,1045.022009,0,
333,51534,51534,Warnbro,10828,945.2602164,2568,2,18,WA,217,2,15,807.2699203,1086.504704,0.00027706,,917.4165636,2415,2,17,194,2,13,821.6918221,1089.514942,0.00027706,,990.8286545,4428,4,31,409,3,27,845.6383391,1149.21941,0.00027706,,890.1853313,1666,2,12,168,2,11,810.3859021,1052.743923,0.00027706,
334,51541,51541,Warwick (WA),3858,1046.821289,10119,7,70,WA,938,7,61,1002.945694,1096.914775,0,,1028.5846,10614,8,74,992,7,65,987.6191511,1079.438256,0,,1036.241261,8259,6,58,731,5,48,967.971424,1118.739446,0,,1023.255856,10438,8,73,1072,7,70,993.1639398,1052.0967,0,
335,51544,51544,Waterford (WA),2460,1075.578391,12642,9,88,WA,1290,9,84,1032.38635,1112.208489,0,,1106.44843,13857,10,96,1492,10,97,1053.011578,1140.164075,0,,1094.191255,12887,9,90,1329,9,87,1055.282132,1137.253214,0,,1115.718999,13874,10,96,1493,10,97,1053.887457,1141.227467,0,
336,51546,51546,Watermans Bay,1369,1107.950511,14104,10,98,WA,1511,10,99,1077.94618,1135.415259,0,,1118.301956,14024,10,97,1513,10,99,1095.433905,1146.06846,0,,1087.932614,12535,9,87,1290,9,84,1023.248155,1136.478565,0,,1108.285474,13743,10,95,1474,10,96,1088.222708,1123.105137,0,
337,51549,51549,Wattle Grove (WA),6547,1055.384175,10961,8,76,WA,1053,7,69,995.0251748,1086.760772,0,,1042.795224,11627,9,81,1143,8,75,994.9122111,1075.019421,0,,1092.562399,12790,9,89,1322,9,86,1017.640002,1124.086829,0,,1012.318696,9674,7,67,963,7,63,947.8667842,1072.174078,0,
338,51550,51550,Wattleup,443,983.0255187,4633,4,33,WA,375,3,25,973.8708844,1005.710612,0,,957.0073977,4757,4,33,376,3,25,946.8312868,982.2237001,0,,1044.587513,8994,7,63,827,6,54,1018.348566,1055.176315,0,,885.7493318,1507,2,11,160,2,11,868.7641629,927.8384129,0,
339,51558,51558,Wellard,14127,1031.844002,8734,7,61,WA,820,6,54,909.6299453,1088.794135,0,,1006.002619,8894,7,62,822,6,54,895.8481083,1053.660184,0,,1052.379261,9683,7,67,908,6,59,789.870124,1139.106177,0,,979.2705413,7236,5,50,737,5,48,911.1836933,1032.65378,0,
340,51563,,,,,,,,,,,,,,,,,,,,,,,,,,,,,,,,,,,,,,915.2880243,2875,2,20,277,2,18,915.2880243,915.2880243,0,
341,51564,51564,Wembley,12061,1070.953237,12346,9,86,WA,1246,9,81,866.3159443,1138.162673,0,,1097.327947,13715,10,95,1479,10,97,895.2073325,1182.574195,0,,1034.103419,8073,6,56,710,5,47,791.409076,1174.112768,0,,1117.479154,13906,10,96,1501,10,98,972.9602414,1175.041121,0,
342,51565,51565,Wembley Downs,6743,1101.974401,13951,10,97,WA,1485,10,97,1085.063372,1127.870664,0,,1135.513429,14203,10,99,1526,10,100,1109.122529,1163.357285,0,,1104.079935,13295,10,92,1396,10,91,1002.759374,1141.193527,0,,1145.683546,14217,10,99,1527,10,99,1106.923811,1190.206155,0,
343,51578,51578,West Leederville,4340,1091.298496,13567,10,94,WA,1418,10,93,1033.703984,1131.551616,0,,1129.786148,14160,10,98,1525,10,100,1067.001333,1174.468572,0,,1024.520246,7130,5,50,623,5,41,897.9084992,1139.565928,0,,1162.0342,14327,10,99,1534,10,100,1107.87065,1190.22941,0,
344,51580,51580,West Perth,6102,1049.354759,10329,8,72,WA,948,7,62,991.3858026,1095.334797,0,,1081.486197,13356,10,93,1437,10,94,1019.279428,1116.97071,0,,908.8305368,1002,1,7,120,1,8,848.0709483,976.9387924,0,,1130.811746,14067,10,98,1522,10,99,1064.047256,1188.344223,0,
345,51585,51585,West Swan,786,1009.572677,6776,5,47,WA,604,4,40,971.5406601,1054.570038,0,,998.3495016,8210,6,57,729,5,48,955.2277424,1045.76336,0,,1093.313998,12829,9,89,1325,9,87,1061.797906,1099.085224,0,,959.138978,5790,4,40,586,4,38,883.7835627,1036.163629,0,
346,51588,51588,Westminster,7042,929.6439627,2006,2,14,WA,179,2,12,758.3293286,994.9409206,0,,926.0997758,2829,2,20,228,2,15,803.4932478,967.0111016,0,,912.1648768,1049,1,8,128,1,9,764.8799592,972.6885164,0,,959.7796773,5832,5,41,591,4,39,883.4895487,990.6526968,0,
347,51592,51592,Whitby,1005,1041.726635,9667,7,67,WA,887,6,58,1018.904599,1068.611421,0,,995.6609817,8006,6,56,705,5,46,982.6106406,1027.483808,0,,1089.133622,12606,9,88,1304,9,85,1027.940322,1113.651412,0,,948.6717684,5020,4,35,502,4,33,885.5942084,990.5404688,0,
348,51593,51593,White Gum Valley,3358,1028.340064,8404,6,59,WA,776,6,51,932.1618296,1084.579424,0,,1051.215802,12125,9,84,1222,8,80,995.7206325,1092.07306,0,,1002.212655,5307,4,37,462,4,31,930.0529749,1042.717117,0,,1091.020626,13364,10,93,1423,10,93,1059.469823,1122.485647,0,
349,51595,,,,,,,,,,,,,,,,,,,,,,,,,,,,,,,,,,,,,,,,,,,,,,,,
350,51610,51610,Willagee,5447,970.6145462,3839,3,27,WA,298,2,20,784.9473956,1078.363734,0,,984.4576833,7078,5,49,615,4,40,843.5856952,1063.706636,0,,952.202975,2301,2,16,218,2,15,765.8303233,1036.984234,0,,1027.092217,10681,8,74,1088,8,71,962.5132313,1053.184634,0,
351,51612,51612,Willetton,19262,1058.423336,11238,8,78,WA,1093,8,72,965.3636728,1101.503699,0,,1059.97787,12515,9,87,1299,9,85,967.7412203,1095.421842,0,,1064.431009,10655,8,74,1041,7,68,959.7331256,1108.579278,0,,1068.051976,12693,9,88,1329,9,87,1010.540304,1107.38859,0,
352,51617,51617,Wilson,6608,1006.056406,6456,5,45,WA,572,4,38,905.5383948,1077.502348,0,,1014.327259,9494,7,66,895,6,59,947.1712287,1087.406279,0,,967.3479066,3026,3,21,273,2,18,876.5580512,1070.314701,0,,1041.586243,11449,8,79,1161,8,76,1006.174474,1098.786299,0,
353,51623,51623,Winthrop,6020,1095.464738,13750,10,96,WA,1454,10,95,1043.628943,1117.282186,0,,1108.676199,13886,10,97,1495,10,98,1059.136199,1147.305,0,,1114.330956,13672,10,95,1455,10,95,1080.19555,1174.281156,0,,1105.871638,13695,10,95,1463,10,95,1074.123312,1151.430892,0,
354,51637,51637,Woodbridge (WA),1207,991.6942246,5318,4,37,WA,454,3,30,913.2602331,995.0704524,0,,999.7137338,8317,6,58,754,5,49,905.3325141,1013.045514,0,,974.2423242,3359,3,24,300,2,20,820.7271838,991.3339924,0,,1027.258392,10689,8,74,1089,8,71,941.163072,1043.333971,0,
355,51638,51638,Woodlands (WA),4551,1075.691844,12665,9,88,WA,1295,9,85,940.4509596,1117.476349,0,,1097.64552,13721,10,95,1480,10,97,955.5950842,1165.477066,0,,1071.663222,11258,8,78,1119,8,73,874.9098215,1169.505663,0,,1105.788023,13693,10,95,1462,10,95,1006.778947,1159.131241,0,
356,51641,51641,Woodvale (WA),9579,1085.00752,13255,10,92,WA,1373,9,90,980.497697,1125.320163,0,,1070.191039,12967,9,90,1369,9,89,952.2997484,1120.497629,0,,1109.981432,13529,10,94,1441,10,94,896.1382604,1161.124034,0,,1031.984447,10998,8,76,1116,8,73,989.5245263,1092.263373,0,
357,51646,51646,Wooroloo,2613,1027.166486,8324,6,58,WA,765,5,50,1010.350494,1063.824951,0.70417145,,994.8250861,7922,6,55,702,5,46,973.4014769,1031.360778,0.70417145,,1044.30465,8957,7,62,825,6,54,1010.454403,1108.667037,0.70417145,,971.1641425,6671,5,47,698,5,46,965.5487234,983.3284791,0.70417145,
358,51652,51652,Wungong,370,1025.83675,8198,6,57,WA,753,5,49,999.8462638,1070.581313,0,,1003.130925,8630,6,60,786,6,52,980.4200726,1042.229353,0,,1074.042676,11483,8,80,1159,8,76,1044.74752,1124.476472,0,,923.2382639,3341,3,24,333,3,22,903.9004327,956.5297837,0,
359,51667,51667,Yanchep,11022,981.4495975,4538,4,32,WA,364,3,24,918.9698958,1076.846693,0,,953.7107841,4550,4,32,354,3,24,893.3627243,1045.661339,0,,1030.406258,7747,6,54,667,5,44,946.4453669,1164.876824,0,,923.2288988,3340,3,24,332,3,22,850.2780779,987.0819315,0,
360,51670,51670,Yangebup,7631,1012.078544,6984,5,49,WA,618,5,41,923.8531882,1086.948568,0,,986.7863338,7256,6,51,633,5,42,912.5445895,1053.624728,0,,1035.033833,8149,6,57,716,5,47,950.6943114,1139.15559,0,,960.9647237,5914,5,41,597,4,39,913.5584364,1005.143754,0,
361,51688,51688,Yokine,12706,1032.349069,8776,7,61,WA,823,6,54,916.0511051,1080.402308,0,,1035.292053,11083,8,77,1055,7,69,930.3189865,1088.900482,0,,981.0328163,3778,3,27,345,3,23,864.460923,1053.765603,0,,1054.534545,12156,9,84,1245,9,81,971.6936647,1107.07027,0,
362,ensus,,,,,,,,,,,,,,,,,,,,,,,,,,,,,,,,,,,,,,,,,,,,,,,,
363,ensus,,,,,,,,,,,,,,,,,,,,,,,,,,,,,,,,,,,,,,,,,,,,,,,,
364,ensus,,,,,,,,,,,,,,,,,,,,,,,,,,,,,,,,,,,,,,,,,,,,,,,,
365,ensus,,,,,,,,,,,,,,,,,,,,,,,,,,,,,,,,,,,,,,,,,,,,,,,,
366,ensus,,,,,,,,,,,,,,,,,,,,,,,,,,,,,,,,,,,,,,,,,,,,,,,,
367,ensus,,,,,,,,,,,,,,,,,,,,,,,,,,,,,,,,,,,,,,,,,,,,,,,,
368,ensus,,,,,,,,,,,,,,,,,,,,,,,,,,,,,,,,,,,,,,,,,,,,,,,,
369,ensus,,,,,,,,,,,,,,,,,,,,,,,,,,,,,,,,,,,,,,,,,,,,,,,,
370,ensus,,,,,,,,,,,,,,,,,,,,,,,,,,,,,,,,,,,,,,,,,,,,,,,,
371,ensus,,,,,,,,,,,,,,,,,,,,,,,,,,,,,,,,,,,,,,,,,,,,,,,,
372,ensus,,,,,,,,,,,,,,,,,,,,,,,,,,,,,,,,,,,,,,,,,,,,,,,,
