,SA2_CODE21,SA2_code,SA2_name,population,IRSD_score,IRSD_Australia_rank,IRSD_Australia_decile,IRSD_Australia_percentile,State,IRSD_State_Rank,IRSD_State_decile,IRSD_State_percentile,IRSD_MinScoreForSA1_inArea,IRSD_MaxScoreForSA1_inArea,IRSD_Usual Resident Population without an SA1 level score,IRSAD_score,IRSAD_Australia_rank,IRSAD_Australia_decile,IRSAD_Australia_percentile,IRSAD_State_Rank,IRSAD_State_decile,IRSAD_State_percentile,IRSAD_MinScoreForSA1_inArea,IRSAD_MaxScoreForSA1_inArea,IRSAD_Usual Resident Population without an SA1 level score,IER_score,IER_Australia_rank,IER_Australia_decile,IER_Australia_percentile,IER_State_Rank,IER_State_decile,IER_State_percentile,IER_MinScoreForSA1_inArea,IER_MaxScoreForSA1_inArea,IER_Usual Resident Population without an SA1 level score,IEO_score,IEO_Australia_rank,IEO_Australia_decile,IEO_Australia_percentile,IEO_State_Rank,IEO_State_decile,IEO_State_percentile,IEO_MinScoreForSA1_inArea,IEO_MaxScoreForSA1_inArea,IEO_Usual Resident Population without an SA1 level score
0,502011021,502011021,Dawesville - Bouvard,8498,991.4381677,934,4,40,WA,89,4,37,926.3755424,1070.926898,0.000823723,958.6804555,809,4,35,78,4,32,888.7284177,1037.400416,0.000823723,1044.793424,1729,8,74,159,7,66,957.51776,1113.559124,0.000823723,918.71154496,478,3,21,60,3,25,863.72493538,989.40721799,0.0008237232
1,502011022,502011022,Falcon - Wannanup,9664,986.8323029,870,4,37,WA,81,4,34,857.432151,1045.046934,0,958.5664415,807,4,35,77,4,32,844.0787891,1027.738217,0,1016.483477,1369,6,59,112,5,46,885.3637643,1114.765079,0,931.24324043,619,3,27,77,4,32,855.16255187,996.02990438,0
2,502011023,502011023,Greenfields,9869,889.6605079,194,1,9,WA,14,1,6,771.4701451,1066.751782,0.055426082,868.2272487,130,1,6,12,1,5,782.6127913,1038.490892,0.055426082,954.0597136,568,3,25,39,2,16,851.0291825,1138.032178,0.055426082,841.55596794,34,1,2,5,1,3,765.16136954,971.73499167,0.0554260817
3,502011024,502011024,Halls Head - Erskine,19905,997.1765162,1009,5,43,WA,98,5,41,856.1447974,1081.27438,0.019241397,970.4788982,920,4,40,94,4,39,838.4514993,1073.089855,0.019241397,1031.325646,1569,7,67,140,6,58,862.6080215,1110.346963,0.019241397,940.46305698,720,4,31,88,4,36,828.69584896,1023.6295015,0.0192413966
4,502011025,502011025,Mandurah,10256,858.6771824,120,1,6,WA,8,1,4,712.5354622,1060.823092,0.000877535,857.781964,91,1,4,7,1,3,754.7687068,1058.17233,0.000877535,864.1329326,96,1,5,8,1,4,745.5633931,1034.045425,0.000877535,875.62897492,135,1,6,17,1,7,803.42274757,1028.960683,0.0008775351
5,502011026,502011026,Mandurah - East,6599,965.5081405,647,3,28,WA,51,3,21,826.604203,1036.571166,0.000606152,936.3996771,571,3,25,46,2,19,815.1309688,1021.4168,0.000606152,1018.110029,1398,6,60,118,5,49,892.5239032,1121.983187,0.000606152,896.7867922,284,2,12,31,2,13,812.52223412,959.54937531,0.0006061524
6,502011027,502011027,Mandurah - North,21261,1011.311331,1173,5,50,WA,115,5,48,576.9325685,1094.873642,0,981.2362696,1016,5,44,105,5,44,578.8548698,1068.630267,0,1054.65827,1836,8,78,169,7,70,696.7010555,1153.360481,0,944.80839341,771,4,33,94,4,39,617.11283466,1008.0644647,0
7,502011028,502011028,Mandurah - South,11323,899.6946598,231,1,10,WA,19,1,8,638.4605535,1073.132834,0,886.4827758,204,1,9,21,1,9,712.1983768,1070.162874,0,950.0389109,518,3,22,35,2,15,685.7226309,1133.873217,0,875.74617832,139,1,6,18,1,8,753.62805068,982.11611105,0
8,502011029,502011029,Pinjarra,10263,954.4188116,549,3,24,WA,42,2,18,818.8579268,1086.08202,0.030595343,921.8105295,433,2,19,37,2,16,788.7983576,1047.505747,0.030595343,1025.940424,1501,7,64,134,6,55,900.4765136,1171.305247,0.030595343,872.3719338,122,1,6,16,1,7,785.2238204,981.355586,0.0305953425
9,503011030,503011030,City Beach,6805,1127.413674,2346,10,100,WA,242,10,100,1100.641959,1154.706112,0.007347539,1172.382062,2338,10,100,243,10,100,1127.40098,1198.025514,0.007347539,1152.330587,2336,10,100,242,10,100,1002.759374,1201.342034,0.007347539,1162.780105,2280,10,97,241,10,98,1136.8138343,1192.6705829,0.0073475386
10,503011031,503011031,Claremont (WA),9248,1069.502183,1947,9,83,WA,203,9,84,1003.693315,1134.602357,0,1111.225271,2118,9,90,228,10,94,1057.883288,1181.969977,0,1018.376298,1402,6,60,120,5,50,907.8702162,1141.124752,0,1151.5325286,2237,10,95,240,10,98,1119.1349557,1182.9499825,0
11,503011032,503011032,Cottesloe,7750,1115.028247,2317,10,99,WA,240,10,99,1084.92363,1138.06617,0,1159.625838,2304,10,98,241,10,99,1120.541897,1198.718829,0,1089.725297,2121,10,91,209,9,86,991.9769132,1173.133035,0,1175.8822244,2322,10,99,245,10,100,1148.757614,1204.9505663,0
12,503011033,503011033,Floreat,8621,1124.686329,2344,10,100,WA,241,10,99,1073.058121,1156.613896,0,1169.853993,2332,10,100,242,10,100,1130.977327,1212.549366,0,1144.345776,2330,10,99,241,10,99,1074.861819,1233.827338,0,1167.0585164,2292,10,97,243,10,99,1127.2658072,1196.9497241,0
13,503011034,503011034,Mosman Park - Peppermint Grove,10764,1068.78086,1937,9,83,WA,201,9,83,964.2743626,1149.542488,0,1114.983158,2131,10,91,231,10,95,977.8373061,1210.603922,0,1057.591865,1861,8,80,175,8,72,851.6582935,1207.368893,0,1139.0342703,2187,10,93,239,10,97,1037.4424409,1222.2585958,0
14,503011035,503011035,Nedlands - Dalkeith - Crawley,18936,1101.307826,2249,10,96,WA,235,10,97,937.1756982,1168.568529,0.053654415,1147.208206,2274,10,97,239,10,98,1003.566165,1235.87948,0.053654415,1064.663476,1916,9,82,180,8,74,770.7386417,1206.661258,0.053654415,1180.5915904,2331,10,99,246,10,100,1122.4742027,1371.9439811,0.0536544149
15,503011036,503011036,Swanbourne - Mount Claremont,9612,1106.028329,2286,10,98,WA,238,10,98,995.1729595,1151.584602,0.002288806,1149.878289,2281,10,97,240,10,99,1063.042916,1200.93609,0.002288806,1106.086312,2219,10,95,222,10,91,1001.769265,1199.156219,0.002288806,1171.4079125,2311,10,98,244,10,99,1104.3902706,1208.7951585,0.0022888057
16,503021037,503021037,Kings Park (WA),48,1156.602502,2352,10,100,WA,243,10,100,1156.602502,1156.602502,0,1138.493993,2240,10,96,238,10,98,1138.493993,1138.493993,0,1034.189675,1599,7,68,144,6,60,1034.189675,1034.189675,0,1106.8718832,2014,9,86,223,10,91,1106.8718832,1106.8718832,0
17,503021038,503021038,Mount Hawthorn - Leederville,11872,1092.029618,2177,10,93,WA,229,10,94,1029.584245,1138.542703,0,1118.860993,2154,10,92,232,10,96,1056.43708,1163.831926,0,1053.936324,1824,8,78,167,7,69,947.3310285,1142.840428,0,1139.0056852,2186,10,93,238,10,97,1083.2057135,1178.1131604,0
18,503021039,503021039,Mount Lawley - Inglewood,16934,1072.908418,1983,9,85,WA,210,9,87,964.2515789,1135.525878,0,1097.832169,2035,9,87,221,10,91,1007.345109,1169.482732,0,1019.980681,1426,7,61,123,6,51,906.7745087,1153.421715,0,1119.0088915,2086,9,89,231,10,94,1058.2209792,1164.3055721,0
19,503021040,503021040,North Perth,9707,1067.784231,1921,9,82,WA,197,9,81,969.5997822,1107.766624,0,1098.839254,2046,9,87,222,10,91,1007.007661,1137.063358,0,1025.662938,1497,7,64,132,6,55,827.1487905,1100.605047,0,1117.6653152,2084,9,89,230,10,94,1077.8796774,1154.8671031,0
20,503021042,503021042,Subiaco - Shenton Park,17527,1079.07714,2050,9,88,WA,216,9,89,853.0005321,1138.762747,0.004450277,1118.976556,2155,10,92,233,10,96,943.6458165,1191.986574,0.004450277,1009.612071,1276,6,55,104,5,43,737.5046776,1149.914951,0.004450277,1166.7122535,2291,10,97,242,10,98,1073.0758414,1222.4592561,0.0044502767
21,503021043,503021043,Wembley - West Leederville - Gle,19102,1060.158316,1830,8,78,WA,188,8,78,863.5316879,1138.162673,0.000157052,1086.520995,1957,9,84,215,9,89,889.1848922,1182.574195,0.000157052,1011.302589,1294,6,55,105,5,44,791.409076,1174.112768,0.000157052,1113.1606906,2054,9,87,227,10,92,969.3623626,1190.2294101,0.0001570516
22,503021295,503021295,East Perth,11798,1042.599906,1572,7,67,WA,164,7,68,814.7014101,1119.378139,0,1080.003719,1914,9,82,210,9,87,884.870806,1179.364763,0,921.8883846,292,2,13,22,1,10,667.6967104,1034.74,0,1116.5016686,2079,9,88,229,10,93,968.81511515,1189.8519653,0
23,503021296,503021296,Perth (North) - Highgate,11414,1043.650396,1590,7,68,WA,166,7,69,932.541239,1102.487623,0,1074.448219,1883,8,80,205,9,85,1011.609662,1126.550765,0,924.2991959,298,2,13,23,1,10,816.8642484,995.9267397,0,1120.9428697,2099,9,89,232,10,94,1064.0472559,1168.9520509,0
24,503021297,503021297,Perth (West) - Northbridge,12119,1041.160928,1552,7,66,WA,161,7,66,990.0541847,1095.334797,0.00033006,1084.587599,1946,9,83,213,9,88,1033.604265,1164.658593,0.00033006,888.8301262,148,1,7,9,1,4,749.0992561,981.7399822,0.00033006,1125.6762019,2125,9,90,234,10,95,1066.2315096,1192.7817609,0.0003300602
25,504011044,504011044,Bassendean - Eden Hill - Ashfiel,15932,1015.143367,1218,6,52,WA,120,5,50,918.3226973,1084.519437,0,1004.561036,1259,6,54,139,6,57,925.5645453,1080.376126,0,994.4796818,1059,5,45,80,4,33,930.1134476,1076.194388,0,1015.3185991,1421,7,61,170,7,69,918.41880927,1096.006121,0
26,504011045,504011045,Bayswater - Embleton - Bedford,24523,1036.677109,1496,7,64,WA,157,7,65,860.0390852,1129.732454,0.001304897,1042.659359,1612,7,69,174,8,72,903.0076243,1133.561049,0.001304897,1014.152678,1340,6,57,109,5,45,806.7704934,1109.270326,0.001304897,1058.4522001,1729,8,74,196,8,80,789.2886093,1135.1503185,0.0002854463
27,504011046,504011046,Maylands,13294,1017.035808,1237,6,53,WA,123,6,51,870.2300354,1133.243493,0.000601775,1031.736192,1508,7,65,165,7,68,912.7685579,1155.580614,0.000601775,933.5391775,369,2,16,24,1,10,753.3388951,1159.322694,0.000601775,1078.9074238,1844,8,78,205,9,83,998.14471284,1136.2091206,0.0006017752
28,504011047,504011047,Morley,22714,992.5829629,951,5,41,WA,91,4,38,921.5301998,1051.344468,0,980.3839326,1010,5,43,104,5,43,917.7735508,1020.861604,0,992.3896656,1026,5,44,78,4,32,902.5648968,1058.572814,0,975.16833273,1061,5,45,130,6,53,924.83359322,1039.1581047,0
29,504011048,504011048,Noranda,8002,1027.111348,1350,6,58,WA,139,6,57,996.1530185,1070.872765,0,1015.684196,1363,6,58,151,7,62,985.6171954,1055.170962,0,1044.449698,1724,8,74,158,7,65,1016.579873,1110.176552,0,994.20610463,1246,6,53,154,7,63,933.67153275,1040.3637188,0
30,504021049,504021049,Chidlow,4633,1032.920241,1426,7,61,WA,150,7,62,985.5177306,1090.453458,0.397150874,995.8709101,1171,5,50,130,6,54,949.0368174,1041.301095,0.397150874,1070.690075,1981,9,85,189,8,78,1010.454403,1120.801047,0.397150874,954.75891459,865,4,37,106,5,43,760.05694155,992.73987674,0.3971508742
31,504021050,504021050,Glen Forrest - Darlington,7223,1089.555954,2154,10,92,WA,226,10,93,1044.463458,1119.178913,0,1082.639599,1928,9,82,212,9,87,1023.042557,1135.30053,0,1109.041081,2233,10,95,228,10,94,1027.010844,1148.499527,0,1077.632708,1834,8,78,204,9,83,1033.4869402,1134.4737163,0
32,504021051,504021051,Helena Valley - Koongamia,5780,1032.48623,1421,7,61,WA,148,7,61,894.6616412,1102.568848,0,1010.141763,1310,6,56,148,7,61,870.7300238,1083.50257,0,1052.974409,1817,8,78,166,7,69,914.1269827,1160.605947,0,978.11562445,1081,5,46,131,6,54,853.03392347,1062.5724559,0
33,504021052,,,,,,,,,,,,,,,,,,,,,,,,,,,,,,,,,,,,,,,,,,,,
34,504021053,504021053,Mundaring,13305,1050.643705,1696,8,73,WA,177,8,73,972.2633086,1142.674744,0.000901917,1025.144825,1447,7,62,162,7,67,953.1332817,1102.341709,0.000901917,1088.99711,2115,9,90,208,9,86,930.6247433,1172.720064,0.000901917,989.22133666,1197,6,51,146,6,60,924.19172693,1084.1599984,0.0009019166
35,504021054,504021054,Swan View - Greenmount - Midvale,12838,972.2383662,717,4,31,WA,61,3,26,671.1465877,1075.777548,0,946.5743946,669,3,29,56,3,23,729.4268315,1059.14078,0,996.4866226,1093,5,47,84,4,35,743.6438649,1102.574638,0,926.72987174,566,3,24,67,3,28,838.29247757,1046.4067515,0
36,504031055,,,,,,,,,,,,,,,,,,,,,,,,,,,,,,,,,,,,,,,,,,,,
37,504031056,504031056,Ballajura,18505,968.081977,674,3,29,WA,55,3,23,815.6375953,1073.349071,0,951.0422403,715,4,31,60,3,25,829.8865619,1059.108934,0,1027.339416,1522,7,65,137,6,57,891.1929939,1135.325271,0,927.61331828,576,3,25,68,3,28,840.36000484,1060.5449947,0
38,504031057,504031057,Beechboro,21348,979.3074232,785,4,34,WA,69,3,29,853.1242994,1093.964154,0.000468428,961.2125173,836,4,36,82,4,34,875.7084894,1058.375999,0.000468428,1025.407032,1493,7,64,130,6,54,899.2389025,1114.668779,0.000468428,937.01005812,686,3,29,85,4,35,843.67165183,1040.3248568,0.000468428
39,504031058,504031058,Bullsbrook,5605,1008.70334,1137,5,49,WA,112,5,46,747.0875832,1068.273341,0.019803747,969.3800862,913,4,39,92,4,38,754.6565229,1033.519671,0.019803747,1065.747925,1932,9,83,182,8,75,859.5304594,1137.561746,0.019803747,905.33637543,357,2,16,41,2,17,734.23823086,971.60782348,0.0198037467
40,504031060,504031060,Gidgegannup,2818,1071.735624,1972,9,84,WA,207,9,85,1042.079224,1093.592967,0,1056.667211,1731,8,74,190,8,78,1022.329002,1073.804484,0,1131.569689,2302,10,98,240,10,99,1090.460358,1159.840947,0,1008.7066633,1365,6,58,167,7,68,971.34384295,1055.0699528,0
41,504031061,504031061,Hazelmere - Guildford,5408,1054.482565,1756,8,75,WA,182,8,75,988.956407,1111.363093,0.000924556,1036.435742,1554,7,67,167,7,69,961.0848802,1114.330466,0.000924556,1069.420846,1972,9,84,188,8,78,994.510532,1137.408317,0.000924556,1004.3952435,1331,6,57,162,7,66,953.95872685,1068.4104581,0.0009245562
42,504031062,504031062,Lockridge - Kiara,12518,992.2425069,943,5,41,WA,90,4,37,822.8232082,1072.39885,0,975.3360204,961,5,41,100,5,41,826.4186778,1056.299961,0,1024.264435,1481,7,63,128,6,53,846.2117342,1104.364689,0,955.93559102,877,4,38,108,5,44,825.8330643,1038.4194418,0
43,504031063,,,,,,,,,,,,,,,,,,,,,,,,,,,,,,,,,,,,,,,,,,,,
44,504031064,,,,,,,,,,,,,,,,,,,,,,,,,,,,,,,,,,,,,,,,,,,,
45,504031065,504031065,Middle Swan - Herne Hill,5678,976.9112825,756,4,33,WA,64,3,27,881.1625137,1077.412166,0.004579077,953.0540662,747,4,32,68,3,28,854.8542357,1076.885758,0.004579077,1006.391426,1232,6,53,100,5,41,927.6394916,1151.750373,0.004579077,924.53242442,542,3,23,66,3,27,820.59838985,1009.8266151,0.0045790771
46,504031066,504031066,Midland - Guildford,11087,929.3277083,358,2,16,WA,29,2,12,848.8773412,1070.873546,0,927.2125542,484,3,21,38,2,16,853.9397617,1086.112513,0,911.0090567,243,2,11,15,1,7,742.4133118,1142.835542,0,942.98028711,749,4,32,91,4,37,855.24779932,1115.1324623,0
47,504031067,504031067,Stratton - Jane Brook,7019,987.1082425,877,4,38,WA,84,4,35,847.2745572,1093.288444,0,959.6566449,822,4,35,80,4,33,841.4287462,1110.59488,0,1033.227137,1587,7,68,141,6,58,885.452412,1201.568647,0,915.07415763,439,2,19,53,3,22,825.81658454,1018.1347697,0
48,504031068,504031068,The Vines,12457,1045.553428,1610,7,69,WA,169,7,70,955.2123312,1106.632142,0,1029.869532,1489,7,64,163,7,67,932.7771824,1112.190827,0,1097.514156,2178,10,93,217,9,89,999.416256,1190.333194,0,982.18062173,1120,5,48,139,6,57,899.41771954,1043.1682043,0
49,504031069,,,,,,,,,,,,,,,,,,,,,,,,,,,,,,,,,,,,,,,,,,,,
50,504031298,504031298,Aveley,15680,1035.36382,1472,7,63,WA,155,7,64,900.4169257,1089.077026,0,1005.918815,1273,6,55,142,6,59,871.9049291,1060.519742,0,1065.644267,1930,9,82,181,8,75,885.6277396,1137.164491,0,966.83457686,991,5,42,120,5,49,896.36918959,1034.140432,0
51,504031299,504031299,Brabham - Henley Brook,11164,1041.308992,1554,7,67,WA,162,7,67,975.1320772,1090.136266,0,1008.304175,1293,6,55,144,6,60,944.8656346,1063.349954,0,1076.62201,2029,9,87,192,8,79,1022.832811,1159.140563,0,969.26495912,1015,5,43,123,5,50,891.67292892,1005.3006846,0
52,504031300,504031300,Ellenbrook,19011,976.1371135,747,4,32,WA,62,3,26,812.0648083,1059.162211,0,950.1093868,703,3,30,59,3,25,735.4757929,1033.487444,0,1025.654765,1496,7,64,131,6,54,778.6053952,1155.857693,0,917.18611528,462,2,20,58,3,24,709.08766552,982.16891426,0
53,505011070,505011070,Craigie - Beldon,10556,1034.381273,1458,7,62,WA,153,7,63,988.8140377,1072.204086,0,998.8389224,1199,6,51,132,6,55,959.1229923,1043.066486,0,1022.213497,1450,7,62,126,6,52,980.3963082,1055.288278,0,979.59567134,1099,5,47,136,6,56,934.93291825,1031.9322139,0
54,505011071,505011071,Currambine - Kinross,13819,1064.247052,1880,8,80,WA,193,8,80,992.2518721,1113.046817,0,1040.698477,1590,7,68,172,8,71,972.4787596,1105.619229,0,1093.204538,2148,10,92,213,9,88,903.7338039,1170.720086,0,1006.0842969,1347,6,57,165,7,67,948.49311185,1062.9504523,0
55,505011072,505011072,Duncraig,15982,1089.864783,2158,10,92,WA,227,10,94,1028.157221,1132.948383,0,1092.318358,2003,9,86,218,9,90,1036.093169,1142.605207,0,1100.831589,2194,10,94,220,10,91,1028.804718,1168.119312,0,1080.7802477,1861,8,79,206,9,84,1032.8940423,1133.2568786,0
56,505011073,505011073,Greenwood - Warwick,13723,1052.123119,1721,8,74,WA,180,8,74,996.1143662,1096.914775,0,1032.038778,1510,7,65,166,7,69,973.5002717,1079.438256,0,1052.507252,1809,8,77,165,7,68,967.971424,1118.739446,0,1019.223257,1453,7,62,173,8,71,969.99633893,1052.0967001,0
57,505011074,505011074,Heathridge - Connolly,10572,1044.718755,1601,7,69,WA,167,7,69,983.519273,1117.516748,0,1018.356653,1386,6,59,154,7,64,955.2152798,1111.463384,0,1054.941164,1839,8,79,170,7,70,980.3228489,1170.879093,0,993.30337723,1240,6,53,152,7,62,931.35169738,1065.5464512,0
58,505011075,505011075,Hillarys,11200,1095.414503,2200,10,94,WA,231,10,95,1030.233327,1145.859328,0,1104.578412,2078,9,89,224,10,92,1025.56186,1159.458763,0,1111.508614,2247,10,96,231,10,95,1007.160625,1189.458291,0,1081.3052565,1866,8,79,207,9,84,1006.4811306,1125.5397624,0
59,505011076,505011076,Iluka - Burns Beach,9737,1112.900306,2311,10,99,WA,239,10,98,895.339192,1127.713371,0,1132.570862,2219,10,95,237,10,98,881.2353626,1151.150075,0,1181.510278,2353,10,100,243,10,100,866.6154299,1208.070533,0,1073.6974001,1824,8,78,203,9,83,787.76704409,1103.5971046,0
60,505011077,505011077,Joondalup - Edgewater,13845,1031.957109,1418,7,61,WA,147,7,61,946.560419,1106.659692,0.000216685,1019.490085,1398,6,60,155,7,64,946.1077375,1091.408856,0.000216685,1008.970541,1267,6,54,103,5,43,815.5154322,1138.62404,0.000216685,1020.2189245,1458,7,62,174,8,71,945.66422693,1069.1060908,0.0002166847
61,505011078,505011078,Kingsley,13204,1068.596988,1936,9,83,WA,200,9,82,959.4165296,1107.131847,0.000454408,1048.598765,1668,8,71,183,8,76,928.9950111,1095.277777,0.000454408,1077.969992,2042,9,87,195,8,80,931.2662069,1149.187563,0.000454408,1025.491501,1500,7,64,178,8,73,938.4483073,1072.2237362,0.0004544078
62,505011079,505011079,Mullaloo - Kallaroo,11493,1088.832802,2147,10,92,WA,224,10,92,1044.863709,1125.407952,0,1086.809766,1958,9,84,216,9,89,1036.710676,1154.135958,0,1110.804617,2240,10,96,230,10,95,1016.328365,1178.058253,0,1060.6148605,1744,8,74,197,8,80,1024.5469376,1120.4112667,0
63,505011080,505011080,Ocean Reef,8125,1085.554456,2115,9,90,WA,221,10,91,1043.505454,1131.414594,0,1082.313171,1925,9,82,211,9,87,1030.62883,1137.130252,0,1125.210403,2291,10,98,239,10,98,1058.990638,1190.681471,0,1040.1981286,1604,7,68,193,8,79,992.12083127,1087.260379,0
64,505011081,505011081,Padbury,8626,1063.771269,1872,8,80,WA,192,8,79,1006.694262,1093.911464,0,1041.579856,1600,7,68,173,8,71,985.4943385,1086.293534,0,1064.39087,1912,9,82,178,8,73,1017.028137,1143.210328,0,1029.9713132,1540,7,66,183,8,75,985.70514798,1071.1743611,0
65,505011082,505011082,Sorrento - Marmion,10193,1103.626527,2271,10,97,WA,237,10,98,1006.521283,1144.422972,0,1111.501926,2119,10,91,229,10,94,1013.945903,1135.136448,0,1119.121613,2275,10,97,236,10,97,950.8869711,1180.78238,0,1087.604924,1907,9,81,212,9,86,1044.7872892,1110.5761521,0
66,505011083,505011083,Woodvale,9579,1085.00752,2110,9,90,WA,220,10,91,980.497697,1125.320163,0,1070.191039,1844,8,79,202,9,83,952.2997484,1120.497629,0,1109.981432,2237,10,95,229,10,94,896.1382604,1161.124034,0,1031.9844473,1555,7,66,184,8,75,989.52452634,1092.2633731,0
67,505021084,505021084,Balcatta - Hamersley,16025,1018.998013,1251,6,54,WA,125,6,52,892.0677282,1091.576576,0,1005.470379,1268,6,54,141,6,58,904.2681775,1061.838036,0,1002.489457,1182,6,51,92,4,38,816.5357519,1096.409204,0,1005.9969405,1345,6,57,164,7,67,917.91089063,1081.960679,0
68,505021085,505021085,Balga - Mirrabooka,21032,866.225788,137,1,6,WA,10,1,5,740.1149742,956.1210355,0,877.9763793,170,1,8,17,1,7,797.8962452,962.9891366,0,906.2986706,221,1,10,14,1,6,823.6958183,970.9147214,0,904.47775702,350,2,15,39,2,16,822.58570337,975.08829243,0
69,505021087,,,,,,,,,,,,,,,,,,,,,,,,,,,,,,,,,,,,,,,,,,,,
70,505021088,505021088,Innaloo - Doubleview,18468,1046.725425,1625,7,70,WA,170,7,70,950.5933664,1113.365281,0.001137102,1059.798832,1757,8,75,192,8,79,976.8146169,1143.583188,0.001137102,996.5689908,1096,5,47,85,4,35,904.8152579,1138.108871,0,1086.5665404,1901,9,81,210,9,86,876.45555954,1140.6482165,0
71,505021089,505021089,Karrinyup - Gwelup - Carine,22602,1103.457527,2268,10,97,WA,236,10,97,971.3503935,1143.234754,0.012476772,1114.13066,2125,10,91,230,10,95,1015.847697,1182.130337,0.012476772,1111.94048,2248,10,96,232,10,96,945.5543705,1200.224148,0.012476772,1097.196102,1961,9,83,218,9,89,1031.7018699,1135.6125279,0.012476772
72,505021090,505021090,Nollamara - Westminster,19818,949.5056083,488,3,21,WA,40,2,17,758.3293286,1035.04432,0,948.0566531,680,3,29,57,3,24,803.4932478,1019.034125,0,918.2414403,280,2,12,20,1,9,764.8799592,1001.521587,0,984.21193889,1143,5,49,141,6,58,883.48954873,1048.6923553,0
73,505021091,505021091,Osborne Park Industrial,219,1086.787491,2129,10,91,WA,223,10,92,1086.787491,1086.787491,0,1066.57119,1811,8,77,198,9,82,1066.57119,1066.57119,0,914.5572365,262,2,12,18,1,8,914.5572365,914.5572365,0,1092.128266,1938,9,82,216,9,88,1092.128266,1092.128266,0
74,505021092,505021092,Scarborough,17552,1072.088099,1976,9,84,WA,208,9,86,1016.378969,1132.113062,0,1079.993453,1913,9,82,209,9,86,1031.319062,1163.236318,0,1005.204235,1213,6,52,98,5,41,946.5696286,1132.912865,0,1096.6828914,1958,9,83,217,9,88,1044.0570948,1143.6893988,0
75,505021093,505021093,Stirling - Osborne Park,14620,1045.065798,1604,7,69,WA,168,7,69,944.7477713,1124.241439,0.000683995,1048.759073,1670,8,71,184,8,76,944.1832964,1146.208507,0.000683995,1042.295574,1698,8,73,155,7,64,840.672827,1176.753337,0.000683995,1037.5510392,1588,7,68,189,8,77,954.30122698,1122.1497265,0.0006839945
76,505021094,505021094,Trigg - North Beach - Watermans,7965,1092.413325,2181,10,93,WA,230,10,95,915.1087874,1145.814159,0,1109.241105,2107,9,90,227,10,94,953.1570297,1171.323269,0,1079.147507,2048,9,87,196,9,81,852.0444245,1182.207447,0,1105.08859,2003,9,85,221,9,90,1030.1460938,1183.4583908,0
77,505021095,505021095,Tuart Hill - Joondanna,12820,1024.13475,1310,6,56,WA,133,6,55,952.8994325,1095.530944,0,1022.550597,1422,7,61,158,7,65,949.1837642,1093.577258,0,951.2787717,536,3,23,36,2,15,868.4951181,1077.0698,0,1054.1036369,1696,8,72,195,8,79,981.43600221,1107.7915524,0
78,505021096,505021096,Wembley Downs - Churchlands - Wo,15044,1090.08903,2163,10,92,WA,228,10,94,940.4509596,1127.870664,0,1121.009312,2164,10,92,234,10,96,955.5950842,1165.477066,0,1090.749568,2131,10,91,210,9,87,874.9098215,1169.505663,0,1134.4645207,2159,10,92,237,10,96,1006.7789469,1190.2061549,0
79,505021097,505021097,Yokine - Coolbinia - Menora,17066,1042.99614,1578,7,68,WA,165,7,68,821.5303035,1137.79137,0,1050.787032,1688,8,72,189,8,78,842.0885791,1153.549019,0,1007.004137,1247,6,53,101,5,42,805.2897513,1174.722126,0,1067.2856295,1776,8,76,198,9,81,896.87556976,1163.0703979,0
80,505021301,505021301,Dianella - North,11927,1026.836186,1343,6,58,WA,135,6,56,826.2826759,1137.807374,0,1031.290624,1502,7,64,164,7,68,875.2369318,1161.404229,0,1056.392812,1850,8,79,171,8,71,866.5561763,1191.196291,0,1016.7441453,1435,7,61,171,7,70,903.18580886,1172.8909462,0
81,505021302,505021302,Dianella - South,12985,1015.00498,1213,6,52,WA,119,5,49,943.1173266,1089.323882,0,1015.073815,1358,6,58,150,7,62,960.5132169,1090.13392,0,979.0703981,860,4,37,64,3,27,892.0077211,1098.301013,0,1036.1881843,1576,7,67,188,8,77,969.38387167,1077.2153818,0
82,505031098,505031098,Alexander Heights - Koondoola,11687,912.9294298,279,2,12,WA,23,1,10,731.2271648,1024.998299,0,911.4521554,350,2,15,28,2,12,759.4371856,999.221719,0,994.6442042,1061,5,46,81,4,34,843.2861073,1097.78333,0,900.991595,320,2,14,37,2,15,812.95937851,969.64007771,0
83,505031099,505031099,Butler - Merriwa - Ridgewood,23679,966.3297937,657,3,28,WA,53,3,22,874.6248018,1050.912503,0.016808142,942.1768867,634,3,27,52,3,22,858.9549902,1003.217778,0.016808142,1000.178077,1149,5,49,88,4,37,880.6358629,1101.377995,0,924.02342254,535,3,23,65,3,27,722.89644709,993.40156512,0.0168081422
84,505031100,505031100,Carramar,18641,1028.078005,1367,6,59,WA,141,6,58,902.6266398,1116.401721,0.000590097,1002.548782,1237,6,53,136,6,56,876.8408833,1101.425833,0.000590097,1068.768117,1961,9,84,185,8,76,950.213182,1201.2341,0.000590097,971.1115795,1027,5,44,125,6,51,864.76075745,1039.9043435,0.0005900971
85,505031101,505031101,Clarkson,13904,985.3658782,851,4,37,WA,78,4,32,882.7478049,1065.416296,0.001366513,964.9886676,872,4,38,88,4,37,870.8068661,1039.275276,0.001366513,1004.674223,1203,6,52,94,4,39,863.997808,1067.143806,0.001366513,954.18417241,861,4,37,105,5,43,868.90391906,1033.0746362,0
86,505031102,505031102,Girrawheen,8897,858.8066867,121,1,6,WA,9,1,4,767.0281527,933.6055,0,867.5625519,126,1,6,11,1,5,788.6697504,925.1247661,0,903.1594094,211,1,9,12,1,5,840.0640973,981.2124127,0,887.24751763,210,1,9,23,1,10,831.30701353,954.09982965,0
87,505031104,505031104,Marangaroo,10483,941.5815648,432,2,19,WA,34,2,14,870.6102034,1020.396969,0,932.2124552,525,3,23,41,2,17,882.0447282,989.0921092,0,1005.461972,1216,6,52,99,5,41,917.8705427,1134.388999,0,909.3087001,393,2,17,47,2,20,844.95716887,948.8403809,0
88,505031105,505031105,Mindarie - Quinns Rocks - Jindal,20764,1060.243007,1832,8,78,WA,189,8,78,861.4203322,1130.637359,0,1050.689191,1687,8,72,188,8,78,871.3408662,1143.054316,0,1106.243322,2222,10,95,225,10,93,918.6272508,1200.031739,0,1005.723463,1342,6,57,163,7,66,909.39358965,1093.6933975,0
89,505031106,,,,,,,,,,,,,,,,,,,,,,,,,,,,,,,,,,,,,,,,,,,,
90,505031107,505031107,Tapping - Ashby - Sinagra,13569,1049.319424,1677,8,72,WA,173,8,71,840.8133924,1121.221757,0,1024.16907,1436,7,62,160,7,66,815.026184,1080.698866,0,1093.260541,2149,10,92,214,9,88,899.4466027,1196.763819,0,984.40815989,1144,5,49,142,6,58,795.55833974,1034.8803895,0
91,505031255,505031255,Alkimos - Eglinton,13904,1033.31538,1435,7,61,WA,151,7,62,938.5468916,1101.040717,0,1002.651555,1242,6,53,137,6,57,919.9895188,1085.76869,0,1054.351177,1831,8,78,168,7,69,932.8024449,1118.085633,0,978.79122833,1090,5,47,134,6,55,912.10674979,1056.9294863,0
92,505031256,505031256,Carabooda - Pinjar,723,1035.038966,1467,7,63,WA,154,7,64,1010.586243,1044.226558,0,1017.872369,1380,6,59,153,7,63,961.9120948,1031.769273,0,1107.271783,2228,10,95,226,10,93,1016.615933,1127.133876,0,974.02709885,1050,5,45,129,6,53,961.93893047,975.96647714,0
93,505031257,505031257,Two Rocks,3822,986.3688376,864,4,37,WA,80,4,33,869.754602,1076.846693,0,956.5061065,787,4,34,73,3,30,876.2436186,1045.661339,0,1038.761955,1664,8,71,151,7,62,900.7965693,1164.876824,0,917.72473158,468,2,20,59,3,24,863.84066792,990.62430691,0
94,505031258,505031258,Yanchep,11009,981.3264463,804,4,35,WA,70,3,29,918.9698958,1049.92847,0,953.6938611,753,4,32,69,3,29,893.3627243,1029.031648,0,1030.434714,1558,7,67,139,6,57,946.4453669,1120.723974,0,923.14902274,526,3,23,64,3,26,850.27807794,987.08193154,0
95,505031303,505031303,Hocking - Pearsall,13139,1050.7363,1699,8,73,WA,178,8,73,997.7603101,1122.820378,0,1024.527675,1441,7,62,161,7,66,965.4576448,1092.847721,0,1079.864292,2057,9,88,198,9,82,976.9001907,1186.369758,0,985.48121267,1153,5,49,144,6,59,921.6256835,1074.9917455,0
96,505031304,505031304,Landsdale,15401,1058.855099,1812,8,77,WA,186,8,77,1009.916976,1109.135868,0,1048.345571,1663,8,71,182,8,75,994.4779814,1100.109943,0,1121.046785,2283,10,97,237,10,98,1019.997643,1168.602264,0,1003.4549733,1324,6,56,161,7,66,931.95880347,1052.8063262,0
97,505031305,505031305,Madeley - Darch,14199,1051.552179,1713,8,73,WA,179,8,74,969.948642,1114.658597,0.00338052,1043.152019,1617,7,69,175,8,72,957.1136088,1105.190044,0.00338052,1092.724206,2145,10,92,212,9,87,883.1542195,1157.717011,0.001760687,1018.5174858,1446,7,62,172,7,70,799.7507454,1056.3165383,0
98,505031306,505031306,Wanneroo - Sinagra,14678,997.1630701,1007,5,43,WA,97,4,40,814.558272,1100.077246,0,974.8237814,955,5,41,98,5,41,831.388118,1071.975667,0,1029.221949,1547,7,66,138,6,57,840.1384861,1137.33916,0,953.28131674,846,4,36,104,5,43,836.32828004,1045.0220092,0
99,506011110,506011110,Armadale - Wungong - Brookdale,23166,896.730473,219,1,10,WA,17,1,7,680.4928992,1090.710305,0.001295001,881.5989195,183,1,8,19,1,8,722.0120452,1054.976515,0.001295001,934.5492175,377,2,17,26,2,11,739.4873171,1117.817658,0.001295001,868.99383243,112,1,5,14,1,6,684.76815769,1012.1091216,0
100,506011111,,,,,,,,,,,,,,,,,,,,,,,,,,,,,,,,,,,,,,,,,,,,
101,506011112,506011112,Camillo - Champion Lakes,5793,900.5284717,232,1,10,WA,20,1,9,813.3989934,1057.933697,0,884.7908852,195,1,9,20,1,9,814.1020769,1032.379704,0,953.8970919,566,3,25,38,2,16,893.9843867,1069.486952,0,869.44082893,114,1,5,15,1,7,782.1843726,1021.5498573,0
102,506011114,506011114,Kelmscott,10604,943.1028889,438,2,19,WA,35,2,15,766.2336334,1070.688556,0,921.2608658,429,2,19,36,2,15,804.6302071,1038.797143,0,962.4386466,661,3,29,44,2,19,772.7807018,1111.742598,0,907.12013663,375,2,16,45,2,19,777.36087824,1030.8333938,0
103,506011115,506011115,Mount Nasura - Mount Richon - Be,8241,1047.206522,1632,7,70,WA,171,8,71,959.7332003,1097.004123,0,1019.6089,1399,6,60,156,7,64,902.1579104,1093.688679,0,1087.550023,2108,9,90,206,9,85,936.9557499,1202.227986,0,971.48143347,1030,5,44,126,6,52,852.72179424,1022.9368279,0
104,506011116,506011116,Roleystone,7243,1068.028372,1926,9,82,WA,198,9,82,1021.157284,1122.236831,0,1044.119052,1625,7,70,176,8,73,987.7169259,1116.641829,0,1104.62101,2211,10,94,221,10,91,1039.957903,1178.289459,0,1006.9291523,1353,6,58,166,7,68,946.89691717,1079.1272046,0
105,506011117,506011117,Seville Grove,11409,961.6355914,599,3,26,WA,45,2,19,895.0779192,1047.350288,0,932.5851898,531,3,23,42,2,18,865.2207362,1008.187342,0,1019.285703,1417,7,61,122,6,51,961.2829818,1079.722472,0,895.68820389,270,2,12,29,2,12,790.80539076,963.02815471,0
106,506011307,506011307,Harrisdale,11667,1074.093865,1996,9,85,WA,211,9,87,927.9019667,1101.635986,0,1059.388764,1751,8,75,191,8,79,923.93055,1114.373135,0,1096.260344,2169,10,93,216,9,89,966.0568902,1171.581583,0,1039.6114511,1602,7,68,192,8,78,963.8030924,1078.8576332,0
107,506011308,506011308,Piara Waters - Forrestdale,16049,1082.155944,2079,9,89,WA,219,9,90,956.3226724,1130.563778,0.00074771,1067.814594,1823,8,78,199,9,82,937.5434839,1116.966697,0.00074771,1108.705409,2232,10,95,227,10,94,986.780718,1173.73412,0.00074771,1045.5977037,1647,7,70,194,8,79,884.07642503,1104.6485076,0.0007477101
108,506021118,506021118,Belmont - Ascot - Redcliffe,15082,981.4890772,806,4,35,WA,72,3,30,820.0141427,1105.833061,0,982.5400142,1032,5,44,109,5,45,847.1160558,1128.735833,0,962.5265276,663,3,29,45,2,19,813.6060868,1085.026032,0,988.50381944,1190,6,51,145,6,59,887.10637115,1130.0562168,0
109,506021119,506021119,East Victoria Park - Carlisle,17245,1032.809635,1425,7,61,WA,149,7,62,938.2226788,1114.208192,0.000405915,1044.717934,1631,7,70,178,8,73,971.2068494,1124.004236,0.000405915,977.7583715,838,4,36,61,3,26,843.6086641,1104.550172,0.000405915,1072.0438454,1814,8,77,202,9,82,1006.5229728,1136.3877521,0.0004059148
110,506021120,,,,,,,,,,,,,,,,,,,,,,,,,,,,,,,,,,,,,,,,,,,,
111,506021121,,,,,,,,,,,,,,,,,,,,,,,,,,,,,,,,,,,,,,,,,,,,
112,506021123,506021123,Victoria Park - Lathlain - Bursw,15816,1049.452187,1679,8,72,WA,174,8,72,939.4697164,1105.413343,0.006891755,1060.786845,1770,8,76,194,8,80,964.1440065,1128.299293,0.006891755,967.7950283,719,4,31,49,3,21,814.5263808,1080.990924,0.006891755,1086.8502885,1904,9,81,211,9,86,1012.3257136,1151.9632229,0.0068917552
113,506021309,506021309,Cloverdale,8864,963.7842928,624,3,27,WA,47,2,20,889.7182248,1018.477825,0,953.8573465,754,4,33,70,3,29,886.2156689,981.90054,0,941.7123962,441,2,19,31,2,13,860.4992545,1003.198949,0,960.06623726,925,4,40,113,5,46,894.92855117,1018.0554783,0
114,506021310,506021310,Kewdale,7394,1001.091768,1048,5,45,WA,103,5,43,930.5173887,1046.70132,0,989.6984622,1105,5,47,121,5,50,952.3813842,1038.631844,0,973.0314653,770,4,33,55,3,23,913.9666204,1027.520037,0,991.07439756,1213,6,52,149,7,61,941.04929795,1050.6010942,0
115,506021311,506021311,Rivervale,10897,1002.980099,1071,5,46,WA,107,5,44,799.1406021,1126.219071,0,1009.918461,1305,6,56,146,6,60,848.0754807,1135.011142,0,937.1855978,404,2,18,29,2,12,707.8154823,1096.986092,0,1034.5293754,1568,7,67,186,8,76,941.59804666,1095.3470936,0
116,506031124,506031124,Bentley - Wilson - St James,20612,970.9993533,708,4,31,WA,60,3,25,773.4324297,1077.502348,0.011692218,983.8105615,1045,5,45,113,5,47,794.4209483,1087.406279,0.011692218,916.9845256,275,2,12,19,1,8,762.8275758,1070.314701,0.011692218,1024.1102874,1492,7,64,177,8,72,866.68391167,1098.786299,0.0116922181
117,506031125,506031125,Canning Vale - West,10078,1069.270585,1944,9,83,WA,202,9,83,994.2850248,1121.179453,0,1066.234006,1809,8,77,197,9,81,972.1359482,1120.0798,0,1106.163745,2221,10,95,224,10,92,1045.653149,1164.984217,0,1038.3623858,1596,7,68,190,8,77,926.34563881,1108.407134,0
118,506031126,,,,,,,,,,,,,,,,,,,,,,,,,,,,,,,,,,,,,,,,,,,,
119,506031127,506031127,Cannington - Queens Park,20655,982.374349,817,4,35,WA,74,4,31,908.7932889,1041.509767,0.000145243,979.4066376,1003,5,43,103,5,43,916.0203234,1025.955318,0.000145243,958.9365845,622,3,27,42,2,18,867.9114673,1070.29959,0.000145243,994.62708961,1250,6,53,155,7,63,933.85156517,1099.2796386,0.0001452433
120,506031128,506031128,Parkwood - Ferndale - Lynwood,13992,1003.757601,1083,5,47,WA,110,5,46,932.9159596,1051.441444,0,986.9222783,1079,5,46,119,5,49,926.8717949,1045.057761,0,1001.158458,1165,5,50,90,4,37,912.2778619,1091.824111,0,984.19731432,1142,5,49,140,6,57,926.43700528,1041.9934336,0
121,506031129,506031129,Riverton - Shelley - Rossmoyne,14518,1070.664331,1960,9,84,WA,205,9,85,983.6315771,1129.535913,0,1078.078644,1902,9,81,206,9,85,985.4807665,1142.094956,0,1057.31733,1858,8,79,174,8,72,975.5217117,1120.320115,0,1088.9140631,1921,9,82,214,9,87,1012.207758,1152.0105369,0
122,506031130,,,,,,,,,,,,,,,,,,,,,,,,,,,,,,,,,,,915.28802432,444,2,19,55,3,23,915.28802432,915.28802432,0
123,506031131,506031131,Willetton,19262,1058.423336,1806,8,77,WA,185,8,76,965.3636728,1101.503699,0,1059.97787,1759,8,75,193,8,80,967.7412203,1095.421842,0,1064.431009,1913,9,82,179,8,74,959.7331256,1108.579278,0,1068.051976,1780,8,76,199,9,81,1010.5403037,1107.3885903,0
124,506041132,506041132,Beckenham - Kenwick - Langford,20280,948.9136024,486,3,21,WA,39,2,16,829.6867026,1054.20467,0.000443787,940.8166766,613,3,27,49,3,21,851.3455115,1053.691706,0.000443787,967.9973536,721,4,31,50,3,21,847.7828561,1093.849329,0.000443787,934.82284792,658,3,28,84,4,35,859.53601978,1042.4893429,0.000443787
125,506041133,506041133,Canning Vale - East,24415,1053.228864,1732,8,74,WA,181,8,75,1003.305801,1108.705802,0.048126152,1046.421184,1645,7,70,181,8,75,983.3308,1094.299723,0.048126152,1082.072016,2077,9,89,201,9,83,975.1450233,1160.059763,0.048126152,1023.5245629,1486,7,63,176,8,72,951.41126457,1070.6383661,0.048126152
126,506041134,506041134,Gosnells,21146,891.8357305,201,1,9,WA,16,1,7,798.2349501,991.5504605,0,880.1781759,175,1,8,18,1,8,816.7750155,973.3575735,0,934.6732853,379,2,17,27,2,12,756.6242462,1082.981599,0,867.64493525,108,1,5,13,1,6,781.12638409,941.93177453,0
127,506041135,506041135,Huntingdale - Southern River,21869,1027.262672,1353,6,58,WA,140,6,58,918.0521478,1080.801707,0.000457268,1010.729004,1313,6,56,149,7,62,898.0583929,1085.109145,0.000457268,1072.28539,1994,9,85,190,8,78,956.4895839,1141.18824,0.000457268,978.13778716,1082,5,46,132,6,54,860.11116029,1063.3857792,0.0004572683
128,506041136,506041136,Maddington - Orange Grove - Mart,15005,923.7781399,330,2,15,WA,27,2,12,775.3835711,1066.633131,0,914.1261,377,2,17,31,2,13,802.0968129,1055.957784,0,974.9811089,805,4,35,59,3,25,817.97018,1154.271378,0,897.13883093,287,2,13,32,2,13,815.12776313,1002.1232409,0
129,506041137,506041137,Thornlie,23665,976.8067821,754,4,33,WA,63,3,26,866.0971507,1052.904315,0,958.3736802,805,4,35,76,4,32,871.753949,1023.810604,0,1008.324028,1259,6,54,102,5,42,881.240805,1110.581225,0,940.2715769,717,4,31,87,4,36,865.77374459,1009.1318061,0
130,506051138,506051138,Forrestfield - Wattle Grove,19729,1010.162752,1155,5,50,WA,113,5,47,875.6637131,1086.760772,0,984.0561905,1049,5,45,114,5,47,863.3047369,1075.019421,0,1034.534031,1605,7,69,146,6,60,855.693544,1124.086829,0,947.18883595,800,4,34,97,4,40,836.1162661,1072.1740779,0
131,506051139,506051139,High Wycombe,12198,998.5486709,1026,5,44,WA,100,5,41,941.1822882,1051.044272,0,961.8575315,844,4,36,84,4,35,902.6911285,1024.552729,0,1026.413046,1507,7,64,135,6,56,923.8966986,1105.882256,0,914.11519083,432,2,19,51,3,21,865.09368875,960.53073225,0
132,506051140,506051140,Kalamunda - Maida Vale - Goosebe,15136,1065.401035,1893,9,81,WA,194,8,80,951.5349918,1158.238694,0.000330338,1050.631382,1686,8,72,187,8,77,955.7769256,1166.05231,0.000330338,1073.377271,2004,9,86,191,8,79,910.5825429,1181.221604,0.000330338,1029.0125226,1535,7,65,182,8,74,898.46841193,1109.6296367,0.0003303383
133,506051141,506051141,Lesmurdie - Bickley - Carmel,11698,1068.544362,1935,9,83,WA,199,9,82,991.179164,1114.951019,0.002222602,1048.974218,1672,8,72,185,8,76,992.8005924,1116.757189,0.002222602,1087.2828260000001,2106,9,90,205,9,85,965.8655509,1158.722858,0.002222602,1025.518037,1501,7,64,179,8,73,953.56064837,1094.6874398,0.0022226022
134,506061142,506061142,Byford,20471,1024.208817,1312,6,56,WA,134,6,55,940.7706265,1100.510308,0.000732744,985.637371,1064,5,46,117,5,48,917.3067268,1061.178889,0.000732744,1080.059587,2059,9,88,199,9,82,949.0872011,1171.651078,0.000732744,929.42225205,597,3,26,73,3,30,865.15433208,1001.2879408,0.0007327439
135,506061143,506061143,Mundijong,7165,1040.215448,1536,7,66,WA,160,7,66,932.1232765,1072.527317,0,1017.559831,1377,6,59,152,7,63,882.5888257,1071.662802,0,1121.110572,2284,10,97,238,10,98,1012.967014,1200.109413,0,941.22293218,730,4,31,89,4,37,803.92227912,994.65298198,0
136,506061144,506061144,Serpentine - Jarrahdale,4607,1027.03039,1348,6,58,WA,138,6,57,966.327164,1115.155116,0,1000.328518,1217,6,52,135,6,56,926.9275419,1108.847159,0,1085.184314,2098,9,90,204,9,84,1011.93942,1273.416995,0,951.53727119,831,4,36,100,5,41,880.94587506,1034.5055194,0
137,506071145,506071145,Como,14575,1062.186074,1851,8,79,WA,190,8,78,969.5258325,1101.801437,0,1072.988197,1870,8,80,204,9,84,939.7767339,1118.56461,0,983.5755716,903,4,39,67,3,28,845.370698,1061.849242,0,1107.6096001,2017,9,86,224,10,91,963.2729463,1157.9615716,0
138,506071146,506071146,Manning - Waterford,11653,1050.124581,1685,8,72,WA,176,8,73,798.0862789,1144.735921,0.021367888,1079.348648,1909,9,82,208,9,86,877.334447,1159.123022,0.021367888,1044.813041,1732,8,74,160,7,66,670.2510381,1171.178961,0.021367888,1101.1988374,1988,9,84,219,9,89,1003.8286571,1178.7043728,0.0213678881
139,506071147,506071147,South Perth - Kensington,17226,1078.675199,2044,9,87,WA,215,9,89,1007.313385,1126.112446,0,1101.606969,2059,9,88,223,10,92,1028.847127,1157.142241,0,1021.725541,1443,7,62,125,6,52,904.5003569,1110.915643,0,1127.0341151,2131,10,91,235,10,96,1067.1499414,1173.757548,0
140,507011148,507011148,Banjup,21746,1072.619372,1980,9,85,WA,209,9,86,999.5321566,1146.382173,0,1061.530163,1780,8,76,196,9,81,979.7305693,1156.32344,0,1095.352383,2161,10,92,215,9,89,928.1811936,1190.963325,0,1034.996323,1569,7,67,187,8,76,966.94006276,1108.7925809,0
141,507011150,,,,,,,,,,,,,,,,,,,,,,,,,,,,,,,,,,,1107.9570924,2024,9,86,226,10,92,1107.9570924,1107.9570924,0
142,507011151,,,,,,,,,,,,,,,,,,,,,,,,,,,,,,,,,,,,,,,,,,,,
143,507011152,507011152,Coogee,9816,1058.29663,1805,8,77,WA,184,8,76,910.7436204,1100.487724,0,1039.288231,1577,7,67,170,7,70,885.9170413,1098.850209,0,1083.310538,2088,9,89,203,9,84,911.2808321,1149.503215,0,992.64516652,1233,6,53,151,7,62,896.42468756,1064.1593825,0
144,507011153,507011153,Coolbellup,8503,994.2238168,969,5,42,WA,95,4,39,894.1114267,1100.168111,0,983.7871167,1043,5,45,112,5,46,907.3508184,1093.83551,0,976.0833187,815,4,35,60,3,25,855.490988,1136.216653,0,998.32467288,1280,6,55,158,7,64,920.02761077,1065.2392936,0
145,507011154,507011154,Hamilton Hill,11327,963.0953449,617,3,27,WA,46,2,19,881.2577503,1023.870752,0,961.1874342,834,4,36,81,4,34,904.9096212,1007.311825,0,939.7358322,425,2,19,30,2,13,833.9967532,1018.766531,0,995.63471289,1259,6,54,156,7,64,944.72781487,1040.7372617,0
146,507011155,,,,,,,,,,,,,,,,,,,,,,,,,,,,,,,,,,,,,,,,,,,,
147,507011158,507011158,North Coogee,3741,1099.600488,2237,10,96,WA,234,10,96,1041.440308,1124.378146,0,1123.11684,2174,10,93,235,10,97,1049.741378,1165.657778,0,1098.502555,2181,10,93,218,9,90,971.0981606,1215.028877,0,1082.6510978,1878,8,80,209,9,85,1032.9217861,1122.6061203,0
148,507011159,507011159,South Lake - Cockburn Central,11723,1000.754819,1042,5,45,WA,102,5,42,876.6849121,1098.089169,0,984.6130526,1055,5,45,116,5,48,881.2451702,1110.963493,0,1004.697673,1204,6,52,95,4,39,894.3504712,1127.987135,0,973.02372604,1044,5,45,128,6,52,887.55257464,1082.4086547,0
149,507011160,507011160,Spearwood,11268,993.0530994,957,5,41,WA,93,4,39,848.3716524,1062.667558,0,973.0494956,940,4,40,96,4,40,876.8734659,1047.039729,0,989.0019708,988,5,42,76,4,32,812.6483636,1079.844178,0,957.33134838,887,4,38,109,5,45,854.67295765,1005.3105003,0
150,507011161,507011161,Success - Hammond Park,17454,1059.365546,1819,8,78,WA,187,8,77,939.7651849,1125.249651,0.011917039,1044.854521,1633,7,70,179,8,74,941.2679538,1105.597048,0.011917039,1069.108443,1965,9,84,186,8,77,826.7038613,1162.763829,0.011917039,1023.0019547,1482,7,63,175,8,71,929.18796318,1094.2072381,0.0119170391
151,507011163,507011163,Yangebup,7631,1012.078544,1181,6,51,WA,117,5,48,923.8531882,1086.948568,0,986.7863338,1077,5,46,118,5,49,912.5445895,1053.624728,0,1035.033833,1616,7,69,148,7,61,950.6943114,1139.15559,0,960.96472372,934,4,40,115,5,47,913.55843639,1005.1437541,0
152,507011259,507011259,Beeliar - Wattleup,10128,1042.496438,1571,7,67,WA,163,7,67,970.9679261,1123.679426,0,1022.71593,1424,7,61,159,7,66,946.8312868,1099.186556,0,1067.847352,1953,9,83,184,8,76,1001.81431,1134.027475,0,984.86978236,1147,5,49,143,6,58,868.76416291,1052.1041595,0
153,507011260,507011260,Jandakot,2446,1075.39859,2005,9,86,WA,212,9,87,1039.385676,1102.007351,0,1068.37051,1829,8,78,200,9,82,1020.835248,1102.823547,0,1114.802241,2261,10,97,235,10,97,1073.829834,1150.616383,0,1033.9826666,1565,7,67,185,8,75,983.13887679,1073.5034884,0
154,507021164,507021164,East Fremantle,7819,1082.151464,2078,9,89,WA,218,9,90,1017.550512,1126.785499,0,1108.982785,2106,9,90,226,10,93,1046.451692,1157.397528,0,1066.185711,1942,9,83,183,8,76,959.5446672,1136.009791,0,1123.1736796,2109,9,90,233,10,95,1085.5362411,1150.5954134,0
155,507021165,507021165,Fremantle,16720,1038.797235,1518,7,65,WA,159,7,66,914.0666691,1106.280811,0,1069.545022,1840,8,79,201,9,83,971.9020008,1146.340579,0,981.2394043,881,4,38,65,3,27,778.3001396,1096.612789,0,1114.1264717,2060,9,88,228,10,93,979.2655468,1188.1690613,0
156,507021166,507021166,Fremantle - South,15372,1022.574031,1297,6,56,WA,131,6,54,595.0340511,1090.040419,0,1036.655076,1558,7,67,168,7,69,691.8412274,1115.898016,0,1000.28146,1152,5,49,89,4,37,573.6313372,1084.022407,0,1068.8586883,1786,8,76,201,9,82,780.95812915,1164.4205719,0
157,507021167,,,,,,,,,,,,,,,,,,,,,,,,,,,,,,,,,,,,,,,,,,,,
158,507031169,507031169,Wellard (West) - Bertram,17953,1019.432678,1257,6,54,WA,127,6,53,909.6299453,1088.794135,0,993.2928922,1148,5,49,127,6,53,895.8481083,1045.726779,0,1042.261528,1696,8,73,154,7,64,789.870124,1135.734025,0,968.16947645,1006,5,43,122,5,50,889.70882435,1032.6537803,0
159,507031170,507031170,Calista,7434,877.0243186,157,1,7,WA,11,1,5,779.8693059,975.9254686,0.001076137,863.961272,114,1,5,9,1,4,784.4045888,953.1580627,0.001076137,920.4123381,286,2,13,21,1,9,830.1000219,1035.609329,0.001076137,857.44339669,74,1,4,10,1,5,788.67759367,913.13737428,0.0010761367
160,507031172,507031172,Hope Valley - Postans,75,1002.024832,1059,5,45,WA,105,5,44,1002.024832,1002.024832,0,952.6791855,737,4,32,67,3,28,952.6791855,952.6791855,0,1046.938184,1755,8,75,161,7,66,1046.938184,1046.938184,0,911.80474324,420,2,18,48,2,20,911.80474324,911.80474324,0
161,507031173,,,,,,,,,,,,,,,,,,,,,,,,,,,,,,,,,,,952.54948535,837,4,36,102,5,42,952.54948535,952.54948535,0
162,507031174,507031174,Parmelia - Orelia,11286,889.428527,193,1,9,WA,13,1,6,781.4401289,977.5826542,0,871.2630452,143,1,7,14,1,6,788.894955,941.7662467,0,933.7696908,373,2,16,25,2,11,810.7220164,1073.691959,0,854.32883956,64,1,3,9,1,4,806.36575228,919.02423638,0
163,507031261,507031261,Casuarina - Wandi,9084,1063.384602,1864,8,80,WA,191,8,79,968.8871698,1102.872345,0.1334214,1037.420215,1564,7,67,169,7,70,942.0222961,1086.79392,0.1334214,1088.771136,2114,9,90,207,9,85,1044.01016,1167.308965,0.1334214,991.34342067,1216,6,52,150,7,61,911.18369332,1057.8075352,0.1334214003
164,507041175,507041175,Applecross - Ardross,11725,1096.430958,2211,10,94,WA,233,10,96,1050.106997,1141.945171,0,1124.12363,2179,10,93,236,10,97,1070.830061,1176.392797,0,1077.890678,2040,9,87,194,8,80,977.7734089,1164.0683,0,1132.1810776,2151,10,91,236,10,96,1105.2808066,1159.4079905,0
165,507041176,507041176,Bateman,3832,1075.86026,2013,9,86,WA,213,9,88,1028.328721,1097.972752,0,1090.504663,1989,9,85,217,9,89,1061.477762,1111.72501,0,1077.349134,2037,9,87,193,8,80,1030.32871,1118.610667,0,1107.6783901,2021,9,86,225,10,92,1053.9615768,1133.1193594,0
166,507041177,507041177,Bicton - Palmyra,14778,1055.972072,1774,8,76,WA,183,8,76,859.4898621,1120.396443,0,1061.461791,1779,8,76,195,8,80,904.701751,1129.701734,0,1020.77694,1431,7,61,124,6,51,811.042388,1138.58576,0,1081.4611165,1868,8,79,208,9,85,1020.0982117,1116.7987953,0
167,507041178,507041178,Booragoon,15476,1076.599079,2020,9,86,WA,214,9,88,940.2813976,1132.659549,0,1097.732771,2034,9,87,220,10,91,977.6145008,1175.313613,0,1057.096377,1856,8,79,173,8,71,882.2677293,1160.495267,0,1104.0250142,1997,9,85,220,9,90,1043.7067632,1149.6202056,0
168,507041179,507041179,Bull Creek,8030,1067.192739,1909,9,82,WA,195,8,80,1006.465617,1120.440018,0,1078.985632,1908,9,82,207,9,85,1000.692878,1144.645474,0,1061.201238,1885,9,81,176,8,73,923.6233924,1128.132213,0,1088.8893313,1920,9,82,213,9,87,975.78119222,1179.5017424,0
169,507041180,507041180,Leeming,10883,1089.305745,2152,10,92,WA,225,10,93,1028.061153,1151.323527,0,1085.255619,1951,9,83,214,9,88,1011.274165,1119.750047,0,1106.129856,2220,10,95,223,10,92,1037.88426,1159.655538,0,1068.2526967,1783,8,76,200,9,81,1014.3011034,1124.4628626,0
170,507041181,507041181,Melville,17452,1086.070061,2119,10,91,WA,222,10,91,1005.068206,1136.394287,0,1096.596751,2026,9,87,219,9,90,1004.581495,1160.394685,0,1079.579775,2053,9,88,197,9,81,944.1662202,1151.348904,0,1090.5097605,1929,9,82,215,9,88,1035.3998253,1150.0287973,0
171,507041182,507041182,Murdoch - Kardinya,12489,1049.683666,1681,8,72,WA,175,8,72,951.1202148,1114.977112,0,1044.656695,1630,7,70,177,8,73,927.0650358,1121.035729,0,1036.657234,1640,7,70,149,7,62,916.3592914,1157.984073,0,1038.5244086,1598,7,68,191,8,78,902.46434899,1106.8369479,0
172,507041183,507041183,Willagee,5447,970.6145462,702,3,30,WA,58,3,24,784.9473956,1078.363734,0,984.4576833,1052,5,45,115,5,48,843.5856952,1063.706636,0,952.202975,544,3,24,37,2,16,765.8303233,1036.984234,0,1027.092217,1514,7,64,180,8,73,962.51323133,1053.1846339,0
173,507041184,507041184,Winthrop,6020,1095.464738,2203,10,94,WA,232,10,96,1043.628943,1117.282186,0,1108.676199,2102,9,90,225,10,93,1059.136199,1147.305,0,1114.330956,2259,10,96,234,10,96,1080.19555,1174.281156,0,1105.871638,2007,9,85,222,9,90,1074.1233117,1151.4308915,0
174,507051186,507051186,Cooloongup,8503,903.1275108,240,2,11,WA,21,1,9,829.0461338,1003.538571,0,877.0513057,164,1,7,16,1,7,814.2631507,970.6706498,0,949.5525799,510,3,22,34,2,14,899.1967271,1045.06367,0,850.22716003,55,1,3,7,1,3,794.77839448,926.46055103,0
175,507051187,507051187,Port Kennedy,13477,981.337002,805,4,35,WA,71,3,30,894.3710888,1070.939284,0,951.4227394,719,4,31,63,3,26,870.7555025,1059.751049,0,1043.710008,1714,8,73,157,7,65,958.0987151,1135.161107,0,906.12914848,365,2,16,44,2,18,836.09542606,1022.1865924,0
176,507051188,507051188,Rockingham,16411,934.8123487,387,2,17,WA,30,2,13,749.1127511,1050.020166,0.048260313,916.2154417,391,2,17,32,2,14,766.5973586,1024.38681,0.048260313,936.5679912,396,2,17,28,2,12,722.5214968,1082.673297,0.048260313,897.45474078,290,2,13,33,2,14,725.51298361,1018.3256472,0.0474072269
177,507051189,,,,,,,,,,,,,,,,,,,,,,,,,,,,,,,,,,,,,,,,,,,,
178,507051190,507051190,Safety Bay - Shoalwater,12039,984.8544905,845,4,36,WA,77,4,32,834.3185524,1039.961699,0,959.0639141,814,4,35,79,4,33,853.4162249,1019.21324,0,987.7494203,965,5,41,72,3,30,825.6864717,1072.32033,0,943.47208335,756,4,32,92,4,38,874.10431823,1029.2199529,0
179,507051191,507051191,Singleton - Golden Bay - Secret,22178,1035.896083,1480,7,63,WA,156,7,64,913.6897846,1130.992527,0,1009.990048,1307,6,56,147,7,61,885.6176306,1148.439175,0,1081.864119,2076,9,89,200,9,82,958.2597505,1213.7779,0,969.74147343,1021,5,44,124,6,51,868.66252016,1060.6444525,0
180,507051192,507051192,Waikiki,12539,970.7136698,705,3,30,WA,59,3,25,815.977467,1064.209622,0,943.5116564,642,3,28,53,3,22,814.9386973,1066.317553,0,1011.678394,1302,6,56,107,5,44,890.5057539,1088.665951,0,913.13213432,429,2,19,50,3,21,778.51464121,1032.6960793,0
181,507051193,507051193,Warnbro,10741,944.4947461,448,2,20,WA,37,2,16,807.2699203,1086.504704,0,916.6322352,395,2,17,33,2,14,821.6918221,1089.514942,0,990.3832276,1003,5,43,77,4,32,845.6383391,1149.21941,0,889.43243578,232,1,10,25,2,11,810.38590212,1052.7439234,0
182,507051312,507051312,Baldivis - North,11651,1017.310142,1239,6,53,WA,124,6,51,879.1558347,1085.454521,0,982.3708795,1030,5,44,108,5,45,878.6335627,1076.374595,0,1047.925896,1762,8,75,162,7,67,917.537752,1181.120092,0,944.32437065,767,4,33,93,4,38,872.65046215,999.42980967,0
183,507051313,507051313,Baldivis - South,26046,1028.49899,1372,6,59,WA,142,6,59,777.6149491,1133.617487,0,1000.06223,1216,6,52,134,6,55,771.2806252,1120.390451,0,1069.159681,1966,9,84,187,8,77,898.7825783,1192.130201,0,960.61865997,930,4,40,114,5,47,766.44870607,1051.0508944,0
184,507051314,507051314,Karnup,2096,1026.924583,1345,6,58,WA,136,6,56,994.2518277,1059.929335,0,989.2897157,1099,5,47,120,5,50,947.3686672,1042.872451,0,1091.113814,2134,10,91,211,9,87,1020.957918,1152.55698,0,930.15523997,603,3,26,74,3,30,907.05491415,984.49847135,0
