,SAL_code,IRSD_score,IRSD_Australia_rank,IRSD_Australia_decile,IRSD_Australia_percentile,IRSD_State_Rank,IRSD_State_decile,IRSD_State_percentile,IRSD_MinScoreForSA1_inArea,IRSD_MaxScoreForSA1_inArea,IRSD_Usual Resident Population without an SA1 level score,IRSD_Data should be used with caution - area not well represented by SA1s,IEO_score,IEO_Australia_rank,IEO_Australia_decile,IEO_Australia_percentile,IEO_State_Rank,IEO_State_decile,IEO_State_percentile,IEO_MinScoreForSA1_inArea,IEO_MaxScoreForSA1_inArea,IEO_Usual Resident Population without an SA1 level score,IEO_Data should be used with caution - area not well represented by SA1s,IER_score,IER_Australia_rank,IER_Australia_decile,IER_Australia_percentile,IER_State_Rank,IER_State_decile,IER_State_percentile,IER_MinScoreForSA1_inArea,IER_MaxScoreForSA1_inArea,IER_Usual Resident Population without an SA1 level score,IER_Data should be used with caution - area not well represented by SA1s,IRSAD_score,IRSAD_Australia_rank,IRSAD_Australia_decile,IRSAD_Australia_percentile,IRSAD_State_Rank,IRSAD_State_decile,IRSAD_State_percentile,IRSAD_MinScoreForSA1_inArea,IRSAD_MaxScoreForSA1_inArea,IRSAD_Usual Resident Population without an SA1 level score,IRSAD_Data should be used with caution - area not well represented by SA1s
0,50008,972.4411748,3967,3,28,303,2,20,889.29489,1024.998299,0,,928.5549636,3637,3,26,353,3,23,891.6691334,969.6400777,0,,1041.175654,8708,7,61,784,6,51,938.0730496,1097.78333,0,,1041.175654,8708,7,61,784,6,51,938.0730496,1097.78333,0,
1,50010,1081.876411,13088,10,91,1358,9,89,1005.068206,1114.503969,0,,1095.594368,13492,10,94,1439,10,94,1035.399825,1124.080908,0,,1066.508207,10841,8,75,1070,7,70,944.1662202,1113.841114,0,,1066.508207,10841,8,75,1070,7,70,944.1662202,1113.841114,0,
2,50011,1034.393852,8954,7,62,840,6,55,938.5468916,1101.040717,0,,983.5936313,7526,6,52,781,6,51,912.1067498,1056.929486,0,,1052.443471,9694,7,68,909,6,60,932.8024449,1118.085633,0,,1052.443471,9694,7,68,909,6,60,932.8024449,1118.085633,0,
3,50019,1062.080498,11574,9,81,1132,8,74,956.4518719,1062.080498,0,,947.9522196,4973,4,35,501,4,33,889.7088244,947.9522196,0,,1073.210689,11408,8,79,1145,8,75,1065.75068,1073.210689,0,,1073.210689,11408,8,79,1145,8,75,1065.75068,1073.210689,0,
4,50022,1097.982892,13832,10,96,1466,10,96,1050.106997,1141.945171,0,,1134.313646,14098,10,98,1524,10,99,1093.614362,1155.286468,0,,1075.545405,11628,9,81,1171,8,77,977.7734089,1164.0683,0,,1075.545405,11628,9,81,1171,8,77,977.7734089,1164.0683,0,
5,50024,1093.483036,13673,10,95,1440,10,94,1064.551091,1116.446964,0,,1128.166947,14041,10,97,1520,10,99,1105.280807,1159.407991,0,,1080.735018,12019,9,84,1230,8,80,1023.360232,1119.386392,0,,1080.735018,12019,9,84,1230,8,80,1023.360232,1119.386392,0,
6,50026,830.139146,476,1,4,65,1,5,680.4928992,1040.734631,0.002236303,,826.4659081,300,1,3,33,1,3,684.7681577,966.1024443,0,,864.6403287,494,1,4,83,1,6,739.4873171,1053.310703,0.002236303,,864.6403287,494,1,4,83,1,6,739.4873171,1053.310703,0.002236303,
7,50031,1052.902903,10708,8,75,1021,7,67,1004.904332,1105.833061,0,,1049.97974,11908,9,83,1224,8,80,1001.076952,1130.056217,0,,1037.054591,8337,6,58,733,5,48,1002.408137,1085.026032,0,,1037.054591,8337,6,58,733,5,48,1002.408137,1085.026032,0,
8,50032,1004.401836,6335,5,44,566,4,37,840.8133924,1076.299689,0,,955.9126061,5541,4,39,571,4,37,795.5583397,1001.100073,0,,1034.208691,8086,6,56,713,5,47,899.4466027,1118.719313,0,,1034.208691,8086,6,56,713,5,47,899.4466027,1118.719313,0,
9,50034,976.3924052,4188,3,29,326,3,22,950.4220109,1001.563715,0,,1013.694206,9787,7,68,995,7,65,1000.874671,1035.970785,0,,959.8362909,2645,2,19,247,2,17,943.2232906,984.8431457,0,,959.8362909,2645,2,19,247,2,17,943.2232906,984.8431457,0,
10,50035,1099.689913,13892,10,97,1479,10,97,1047.521238,1136.394287,0,,1107.560983,13726,10,95,1468,10,96,1071.610617,1150.028797,0,,1100.881132,13165,10,92,1385,9,90,962.1949674,1151.348904,0,,1100.881132,13165,10,92,1385,9,90,962.1949674,1151.348904,0,
11,50036,1054.007402,10824,8,75,1035,7,68,999.5321566,1081.727374,0,,1013.46193,9768,7,68,988,7,64,966.9400628,1049.431773,0,,1087.358231,12501,9,87,1285,9,84,928.1811936,1154.258762,0,,1087.358231,12501,9,87,1285,9,84,928.1811936,1154.258762,0,
12,50037,1076.946098,12728,9,89,1301,9,85,1020.305319,1121.196202,0,,1046.8592,11737,9,81,1197,8,78,1008.611163,1084.687585,0,,1094.88547,12910,9,90,1335,9,87,999.5746739,1159.003625,0,,1094.88547,12910,9,90,1335,9,87,999.5746739,1159.003625,0,
13,50040,1041.968613,9691,7,68,890,6,58,992.9665773,1089.077026,0,,970.6400753,6627,5,46,693,5,45,922.1764869,1034.140432,0,,1071.111036,11214,8,78,1118,8,73,989.5071871,1137.164491,0,,1071.111036,11214,8,78,1118,8,73,989.5071871,1137.164491,0,
14,50050,1035.808338,9097,7,63,845,6,55,1035.808338,1035.808338,0,Y,983.3284791,7514,6,52,779,6,51,983.3284791,983.3284791,0,Y,1071.699244,11260,8,78,1120,8,73,1071.699244,1071.699244,0,Y,1071.699244,11260,8,78,1120,8,73,1071.699244,1071.699244,0,Y
15,50053,1001.398088,6080,5,43,529,4,35,892.0677282,1054.647963,0,,991.3610239,8128,6,57,826,6,54,917.9108906,1032.175004,0,,977.2215197,3551,3,25,320,3,21,816.5357519,1070.711311,0,,977.2215197,3551,3,25,320,3,21,816.5357519,1070.711311,0,
16,50054,1025.040775,8119,6,57,741,5,49,777.6149491,1133.617487,0,,955.582471,5517,4,39,566,4,37,766.4487061,1051.050894,0,,1062.596808,10522,8,73,1009,7,66,898.7825783,1192.130201,0,,1062.596808,10522,8,73,1009,7,66,898.7825783,1192.130201,0,
17,50055,888.325335,1045,1,8,109,1,8,814.4435699,956.1210355,0,,923.8703424,3366,3,24,336,3,22,858.6299641,975.0882924,0,,894.6081517,774,1,6,108,1,8,823.6958183,962.2283921,0,,894.6081517,774,1,6,108,1,8,823.6958183,962.2283921,0,
18,50061,968.3843719,3706,3,26,284,2,19,815.6375953,1073.349071,0,,927.2917015,3575,3,25,349,3,23,840.3600048,1060.544995,0,,1027.66881,7425,6,52,651,5,43,891.1929939,1135.325271,0,,1027.66881,7425,6,52,651,5,43,891.1929939,1135.325271,0,
19,50068,1078.138297,12816,9,89,1314,9,86,1061.658533,1089.393754,0,,1019.322383,10194,8,71,1052,7,69,1000.689424,1032.048443,0,,1117.947224,13792,10,96,1471,10,96,1116.769059,1119.672244,0,,1117.947224,13792,10,96,1471,10,96,1116.769059,1119.672244,0,
20,50069,1005.571368,6415,5,45,571,4,38,902.6266398,1080.680555,0,,955.8254125,5531,4,39,569,4,37,864.7607575,1024.61355,0,,1037.981908,8420,6,59,749,5,49,950.213182,1134.18199,0,,1037.981908,8420,6,59,749,5,49,950.213182,1134.18199,0,
21,50077,1069.052449,12208,9,85,1223,8,80,1069.052449,1069.052449,0,,1014.055362,9803,7,68,999,7,65,1014.055362,1014.055362,0,,1091.112473,12737,9,89,1315,9,86,1091.112473,1091.112473,0,,1091.112473,12737,9,89,1315,9,86,1091.112473,1091.112473,0,
22,50078,1028.227648,8394,6,59,772,6,51,941.7977342,1084.519437,0,,1032.944361,11056,8,77,1119,8,73,962.345771,1096.006121,0,,1000.268094,5155,4,36,457,3,30,930.1134476,1076.194388,0,,1000.268094,5155,4,36,457,3,30,930.1134476,1076.194388,0,
23,50079,1075.86026,12678,9,88,1296,9,85,1028.328721,1097.972752,0,,1107.67839,13734,10,95,1473,10,96,1053.961577,1133.119359,0,,1077.349134,11761,9,82,1179,8,77,1030.32871,1118.610667,0,,1077.349134,11761,9,82,1179,8,77,1030.32871,1118.610667,0,
24,50083,1046.672266,10106,7,70,937,7,61,860.0390852,1129.732454,0.001881818,,1067.752271,12687,9,88,1328,9,86,789.2886093,1135.150319,0.000246548,,1020.206532,6774,5,47,572,4,38,806.7704934,1109.270326,0.001881818,,1020.206532,6774,5,47,572,4,38,806.7704934,1109.270326,0.001881818,
25,50086,1021.28114,7800,6,54,709,5,47,595.0340511,1071.799477,0,,1072.153315,12867,9,89,1356,9,88,780.9581292,1126.296904,0,,1004.833917,5454,4,38,481,4,32,573.6313372,1060.240102,0,,1004.833917,5454,4,38,481,4,32,573.6313372,1060.240102,0,
26,50090,981.7492805,4563,4,32,370,3,25,913.0599579,1054.20467,0.000989881,,959.8628262,5836,5,41,592,4,39,873.1099091,1042.489343,0.000989881,,978.8731163,3645,3,26,325,3,22,847.7828561,1093.849329,0.000989881,,978.8731163,3645,3,26,325,3,22,847.7828561,1093.849329,0.000989881,
27,50091,1037.269007,9231,7,64,849,6,56,935.854009,1086.032485,0,,1066.479644,12645,9,88,1322,9,86,1007.468589,1108.537389,0,,1019.256314,6693,5,47,559,4,37,903.4437711,1057.734095,0,,1019.256314,6693,5,47,559,4,37,903.4437711,1057.734095,0,
28,50092,1082.539563,13144,10,91,1363,9,89,1056.231885,1097.004123,0,,997.6288087,8591,6,60,879,6,57,972.1567542,1022.936828,0,,1160.772123,14362,10,100,1532,10,100,1094.891436,1202.227986,0,,1160.772123,14362,10,100,1532,10,100,1094.891436,1202.227986,0,
29,50093,934.0203279,2151,2,15,191,2,13,853.1242994,980.4005413,0,,894.6791573,1866,2,13,186,2,13,843.6716518,963.7513964,0,,969.8183295,3158,3,22,286,2,19,899.2389025,1040.654458,0,,969.8183295,3158,3,22,286,2,19,899.2389025,1040.654458,0,
30,50094,1070.638486,12323,9,86,1242,9,81,1009.984993,1088.362661,0,Y,982.5322706,7443,6,52,769,5,50,972.5295229,985.4552754,0,Y,1107.545891,13416,10,93,1423,10,93,1071.202469,1118.166172,0,Y,1107.545891,13416,10,93,1423,10,93,1071.202469,1118.166172,0,Y
31,50098,1039.073962,9409,7,66,868,6,57,970.9679261,1103.238293,0,,986.6084287,7782,6,54,799,6,52,914.6909994,1052.10416,0,,1069.3895,11073,8,77,1108,8,72,1001.81431,1134.027475,0,,1069.3895,11073,8,77,1108,8,72,1001.81431,1134.027475,0,
32,50102,1028.244013,8397,6,59,773,6,51,1007.586986,1048.90956,0,,969.2214382,6545,5,46,686,5,45,934.9329183,1004.04991,0,,1026.062119,7272,6,51,635,5,42,984.0260374,1055.288278,0,,1026.062119,7272,6,51,635,5,42,984.0260374,1055.288278,0,
33,50103,1080.807029,13016,9,90,1349,9,88,1080.807029,1080.807029,0,,1042.447875,11509,8,80,1171,8,76,1042.447875,1042.447875,0,,1112.180423,13604,10,95,1450,10,95,1112.180423,1112.180423,0,,1112.180423,13604,10,95,1450,10,95,1112.180423,1112.180423,0,
34,50104,942.7834453,2465,2,18,211,2,14,888.5608305,968.0546864,0,,900.1443445,2089,2,15,203,2,14,872.2197971,941.163072,0,,953.888319,2372,2,17,224,2,15,820.7271838,1005.692161,0,,953.888319,2372,2,17,224,2,15,820.7271838,1005.692161,0,
35,50105,971.6929389,3901,3,27,302,2,20,891.7445751,1047.296671,0,,982.782381,7465,6,52,776,6,51,963.2433318,1073.820278,0,,940.7533402,1888,2,14,185,2,13,863.6296025,1069.022096,0,,940.7533402,1888,2,14,185,2,13,863.6296025,1069.022096,0,
36,50110,981.7444206,4562,4,32,369,3,24,886.8071929,1077.562675,0,,953.6911057,5393,4,38,553,4,36,889.0283841,1023.318678,0,,1069.018725,11057,8,77,1107,8,72,920.7615203,1108.748156,0,,1069.018725,11057,8,77,1107,8,72,920.7615203,1108.748156,0,
37,50111,924.4126532,1805,2,13,162,2,11,773.4324297,1010.604279,0.026626892,,995.1036788,8407,6,58,856,6,56,866.6839117,1048.484403,0.026626892,,866.4614893,503,1,4,85,1,6,762.8275758,948.5395504,0.026626892,,866.4614893,503,1,4,85,1,6,762.8275758,948.5395504,0.026626892,
38,50115,1000.931687,6050,5,42,521,4,34,951.5875993,1056.794562,0,,935.7401716,4144,3,29,392,3,26,889.7088244,957.5924718,0,,1032.605797,7929,6,55,701,5,46,925.9408236,1109.991614,0,,1032.605797,7929,6,55,701,5,46,925.9408236,1109.991614,0,
39,50117,1032.10602,8759,7,61,821,6,54,893.960357,1100.168111,0.003564155,,999.911835,8765,7,61,893,6,58,922.7073084,1107.957092,0,,1045.002678,9029,7,63,838,6,55,898.8651286,1136.216653,0.003564155,,1045.002678,9029,7,63,838,6,55,898.8651286,1136.216653,0.003564155,
40,50118,1093.052013,13652,10,95,1429,10,93,1069.469723,1106.970291,0,,1062.115997,12432,9,86,1288,9,84,1004.007191,1064.766098,0,,1147.702386,14269,10,99,1525,10,100,1129.839553,1158.722858,0,,1147.702386,14269,10,99,1525,10,100,1129.839553,1158.722858,0,
41,50119,1072.280311,12427,9,86,1262,9,83,977.1103797,1120.396443,0,,1091.454695,13371,10,93,1424,10,93,1046.31823,1116.798795,0,,1049.896759,9453,7,66,884,6,58,903.2454425,1138.58576,0,,1049.896759,9453,7,66,884,6,58,903.2454425,1138.58576,0,
42,50148,1073.794423,12552,9,87,1276,9,83,1038.907781,1094.790972,0,,1099.713559,13573,10,94,1444,10,94,1066.022403,1125.082051,0,,1057.025145,10045,7,70,958,7,63,963.8734615,1107.613731,0,,1057.025145,10045,7,70,958,7,63,963.8734615,1107.613731,0,
43,50161,977.0894193,4239,3,30,337,3,22,957.9313591,993.1650218,0.007692308,,925.3519907,3478,3,24,341,3,23,903.9499946,943.3104885,0.007692308,,1015.716047,6421,5,45,537,4,35,964.7703232,1058.4648,0.007692308,,1015.716047,6421,5,45,537,4,35,964.7703232,1058.4648,0.007692308,
44,50168,1090.423961,13522,10,94,1411,10,92,1081.219415,1102.568848,0,,1056.31631,12235,9,85,1270,9,83,1051.574809,1062.572456,0,,1081.636788,12076,9,84,1235,9,81,1065.947201,1093.527844,0,,1081.636788,12076,9,84,1235,9,81,1065.947201,1093.527844,0,
45,50173,1048.482313,10266,8,71,946,7,62,1019.293704,1090.136266,0,,977.8310423,7144,5,50,734,5,48,951.7986973,1005.300685,0,,1075.38483,11600,9,81,1169,8,76,1036.70666,1119.340913,0,,1075.38483,11600,9,81,1169,8,76,1036.70666,1119.340913,0,
46,50178,992.7618958,5445,4,38,460,3,30,940.2813976,1084.501503,0,,1075.24696,12977,9,90,1372,9,89,1043.706763,1115.890586,0,,952.722882,2314,2,16,220,2,15,882.2677293,1066.002107,0,,952.722882,2314,2,16,220,2,15,882.2677293,1066.002107,0,
47,50181,1105.841687,14058,10,98,1508,10,98,1105.841687,1105.841687,0,,1043.168204,11552,8,80,1182,8,77,1043.168204,1043.168204,0,,1190.136484,14456,10,100,1537,10,100,1190.136484,1190.136484,0,,1190.136484,14456,10,100,1537,10,100,1190.136484,1190.136484,0,
48,50187,875.9846389,862,1,6,95,1,7,799.4315994,915.3964523,0,,851.9043672,615,1,5,71,1,5,803.9726667,872.9536242,0,,947.3577997,2128,2,15,201,2,14,885.1405705,981.1157022,0,,947.3577997,2128,2,15,201,2,14,885.1405705,981.1157022,0,
49,50201,1067.192739,12019,9,84,1188,8,78,1006.465617,1120.440018,0,,1088.889331,13323,10,92,1420,10,92,975.7811922,1179.501742,0,,1061.201238,10394,8,72,993,7,65,923.6233924,1128.132213,0,,1061.201238,10394,8,72,993,7,65,923.6233924,1128.132213,0,
50,50207,1008.70334,6706,5,47,598,4,39,747.0875832,1068.273341,0.019803747,,905.3363754,2347,2,17,217,2,15,734.2382309,971.6078235,0.019803747,,1065.747925,10786,8,75,1061,7,69,859.5304594,1137.561746,0.019803747,,1065.747925,10786,8,75,1061,7,69,859.5304594,1137.561746,0.019803747,
51,50221,1117.706053,14303,10,99,1528,10,100,1111.078792,1127.713371,0,,1079.024497,13072,10,91,1384,9,90,1069.725298,1087.583652,0,,1192.059273,14457,10,100,1538,10,100,1186.391244,1199.521278,0,,1192.059273,14457,10,100,1538,10,100,1186.391244,1199.521278,0,
52,50226,1050.444814,10463,8,73,972,7,64,939.4697164,1097.313481,0.039222742,,1089.569954,13335,10,92,1421,10,92,1012.325714,1129.2283,0.039222742,,975.8966502,3462,3,24,309,3,21,843.6549356,1041.633862,0.039222742,,975.8966502,3462,3,24,309,3,21,843.6549356,1041.633862,0.039222742,
53,50229,977.0493705,4237,3,30,336,3,22,903.7130587,1050.912503,0,,941.2877384,4501,4,32,438,3,29,900.4657028,993.4015651,0,,1002.623118,5330,4,37,470,4,31,893.711397,1101.377995,0,,1002.623118,5330,4,37,470,4,31,893.711397,1101.377995,0,
54,50230,1020.823578,7759,6,54,706,5,46,940.7706265,1100.510308,0.000794576,,926.9091487,3565,3,25,347,3,23,865.1543321,982.2812983,0.000794576,,1075.429096,11604,9,81,1170,8,76,949.0872011,1146.037253,0.000794576,,1075.429096,11604,9,81,1170,8,76,949.0872011,1146.037253,0.000794576,
55,50235,845.779844,582,1,5,77,1,6,804.1357526,940.9014269,0,,832.1347089,355,1,3,38,1,3,805.2585993,916.3777127,0,,871.2122125,529,1,4,92,1,6,841.6260497,937.4385012,0,,871.2122125,529,1,4,92,1,6,841.6260497,937.4385012,0,
56,50240,866.5853115,739,1,6,86,1,6,813.3989934,918.8068945,0,,834.2435097,377,1,3,39,1,3,782.1843726,870.6304559,0,,932.2609654,1540,2,11,163,2,11,893.9843867,989.9851631,0,,932.2609654,1540,2,11,163,2,11,893.9843867,989.9851631,0,
57,50245,1058.086443,11205,8,78,1087,8,71,994.2850248,1121.179453,0.034140969,,1028.01759,10734,8,75,1091,8,71,926.3456388,1108.407134,0.034140969,,1089.36721,12632,9,88,1312,9,86,975.1450233,1164.984217,0.034140969,,1089.36721,12632,9,88,1312,9,86,975.1450233,1164.984217,0.034140969,
58,50246,974.190784,4070,3,29,312,3,21,908.7932889,1039.120996,0.000436364,,1005.726438,9175,7,64,919,6,60,966.8337616,1099.279639,0.000436364,,920.6152189,1261,1,9,144,1,10,867.9114673,972.7191749,0.000436364,,920.6152189,1261,1,9,144,1,10,867.9114673,972.7191749,0.000436364,
59,50255,1044.226558,9873,7,69,909,6,60,1044.226558,1044.226558,0,,975.9664771,7016,5,49,725,5,47,975.9664771,975.9664771,0,,1127.133876,13985,10,97,1495,10,98,1127.133876,1127.133876,0,,1127.133876,13985,10,97,1495,10,98,1127.133876,1127.133876,0,
60,50260,1067.017686,11994,9,83,1179,8,77,1065.337794,1068.726642,0,,956.7473452,5619,4,39,576,4,38,954.8470269,958.6153451,0,,1177.57507,14437,10,100,1536,10,100,1155.423964,1200.109413,0,,1177.57507,14437,10,100,1536,10,100,1155.423964,1200.109413,0,
61,50262,1112.641283,14213,10,99,1526,10,100,1054.519157,1137.556428,0,,1094.561014,13470,10,93,1438,10,94,1059.008264,1130.269227,0,,1124.30532,13929,10,97,1488,10,97,1045.162639,1194.595099,0,,1124.30532,13929,10,97,1488,10,97,1045.162639,1194.595099,0,
62,50263,1011.710621,6970,5,49,616,5,41,938.2226788,1062.579509,0.000445567,,1048.861972,11845,9,82,1213,8,79,1006.522973,1085.682254,0.000445567,,950.8209078,2241,2,16,217,2,15,889.1872716,1041.034775,0.000445567,,950.8209078,2241,2,16,217,2,15,889.1872716,1041.034775,0.000445567,
63,50265,1084.526766,13238,10,92,1370,9,90,1060.932111,1114.951019,0,,1040.940669,11417,8,79,1156,8,75,1009.108402,1094.68744,0,,1107.430901,13411,10,93,1422,10,93,1097.871053,1121.578909,0,,1107.430901,13411,10,93,1422,10,93,1097.871053,1121.578909,0,
64,50269,1062.841661,11649,9,81,1138,8,74,985.6310714,1116.401721,0,,994.4273293,8373,6,58,850,6,56,946.0975252,1039.904344,0,,1116.044291,13718,10,95,1458,10,95,999.9559511,1201.2341,0,,1116.044291,13718,10,95,1458,10,95,999.9559511,1201.2341,0,
65,50274,1025.806556,8191,6,57,749,5,49,956.4518719,1067.855112,0.609964771,,926.1678757,3518,3,25,345,3,23,889.7088244,934.8841401,0.609964771,,1105.59933,13358,10,93,1413,10,92,1062.057758,1137.765176,0.609964771,,1105.59933,13358,10,93,1413,10,92,1062.057758,1137.765176,0.609964771,
66,50277,1044.974808,9950,7,69,922,6,60,911.8426209,1072.39885,0,,997.9291312,8611,6,60,881,6,58,895.8934137,1038.419442,0,,1081.932164,12101,9,84,1238,9,81,973.0260047,1104.364689,0,,1081.932164,12101,9,84,1238,9,81,973.0260047,1104.364689,0,
67,50281,1011.551413,6959,5,49,615,4,40,833.1721164,1057.933697,0,,984.5659351,7589,6,53,783,6,51,864.9398637,1021.549857,0,,1024.665588,7142,5,50,625,5,41,907.8959588,1069.486952,0,,1024.665588,7142,5,50,625,5,41,907.8959588,1069.486952,0,
68,50290,1032.157802,8767,7,61,822,6,54,985.5177306,1088.362661,0,,947.3327401,4950,4,35,499,4,33,900.0976779,992.7398767,0,,1078.799321,11859,9,82,1209,8,79,1036.807087,1118.166172,0,,1078.799321,11859,9,82,1209,8,79,1036.807087,1118.166172,0,
69,50293,1085.433693,13286,10,92,1380,9,90,1020.258567,1127.255265,0,,1150.32835,14254,10,99,1528,10,99,1114.62854,1183.546999,0,,1088.667854,12570,9,87,1296,9,85,923.2977943,1169.505663,0,,1088.667854,12570,9,87,1296,9,85,923.2977943,1169.505663,0,
70,50294,1127.413674,14397,10,100,1532,10,100,1100.641959,1154.706112,0.007347539,,1162.780105,14334,10,99,1535,10,100,1136.813834,1192.670583,0.007347539,,1152.330587,14301,10,99,1527,10,100,1002.759374,1201.342034,0.007347539,,1152.330587,14301,10,99,1527,10,100,1002.759374,1201.342034,0.007347539,
71,50296,1069.502183,12230,9,85,1224,8,80,1003.693315,1134.602357,0,,1151.532529,14264,10,99,1530,10,100,1119.134956,1182.949983,0,,1018.376298,6638,5,46,552,4,36,907.8702162,1141.124752,0,,1018.376298,6638,5,46,552,4,36,907.8702162,1141.124752,0,
72,50297,985.3658782,4796,4,34,392,3,26,882.7478049,1065.416296,0.001366513,,954.1841724,5421,4,38,555,4,36,868.9039191,1033.074636,0,,1004.674223,5438,4,38,477,4,31,863.997808,1067.143806,0.001366513,,1004.674223,5438,4,38,477,4,31,863.997808,1067.143806,0.001366513,
73,50301,963.7842928,3427,3,24,276,2,18,889.7182248,1018.477825,0,,960.0662373,5858,5,41,593,4,39,894.9285512,1018.055478,0,,941.7123962,1926,2,14,188,2,13,860.4992545,1003.198949,0,,941.7123962,1926,2,14,188,2,13,860.4992545,1003.198949,0,
74,50304,1029.34033,8531,6,59,796,6,52,1029.34033,1029.34033,0,,1021.259036,10332,8,72,1066,7,69,1021.259036,1021.259036,0,,923.1775653,1316,1,10,149,1,10,923.1775653,923.1775653,0,,923.1775653,1316,1,10,149,1,10,923.1775653,923.1775653,0,
75,50316,1061.689991,11535,8,80,1118,8,73,969.5258325,1101.801437,0,,1107.285251,13722,10,95,1466,10,95,963.2729463,1157.961572,0,,983.6400769,3974,3,28,366,3,24,845.370698,1061.849242,0,,983.6400769,3974,3,28,366,3,24,845.370698,1061.849242,0,
76,50318,1090.646485,13538,10,94,1413,10,92,1064.462128,1117.516748,0,,1036.709986,11237,8,78,1144,8,75,1008.30175,1065.546451,0,,1114.180993,13662,10,95,1454,10,95,1058.357634,1170.879093,0,,1114.180993,13662,10,95,1454,10,95,1058.357634,1170.879093,0,
77,50320,827.0054038,461,1,4,63,1,5,638.4605535,959.4823395,0,,842.2806646,480,1,4,55,1,4,753.6280507,921.8503138,0,,889.7564169,715,1,5,102,1,7,685.7226309,1029.726389,0,,889.7564169,715,1,5,102,1,7,685.7226309,1029.726389,0,
78,50321,1063.786607,11729,9,82,1142,8,75,910.7436204,1100.487724,0,,1002.366957,8941,7,62,898,6,59,896.4246876,1064.159383,0,,1094.877563,12909,9,90,1334,9,87,911.2808321,1149.503215,0,,1094.877563,12909,9,90,1334,9,87,911.2808321,1149.503215,0,
79,50324,960.1105535,3212,3,23,255,2,17,894.1114267,1047.437053,0,,987.3613678,7854,6,55,807,6,53,920.0276108,1025.790155,0,,920.3537451,1258,1,9,143,1,10,855.490988,982.8661926,0,,920.3537451,1258,1,9,143,1,10,855.490988,982.8661926,0,
80,50325,1106.72708,14072,10,98,1509,10,99,1084.262663,1127.126539,0,,1143.502051,14192,10,98,1526,10,99,1116.55211,1163.070398,0,,1135.950828,14125,10,98,1499,10,98,1073.40239,1174.722126,0,,1135.950828,14125,10,98,1499,10,98,1073.40239,1174.722126,0,
81,50329,900.2461705,1281,1,9,125,1,9,829.0461338,1003.538571,0,,851.599213,606,1,5,70,1,5,794.7783945,926.460551,0,,947.3927748,2129,2,15,202,2,14,899.1967271,1045.06367,0,,947.3927748,2129,2,15,202,2,14,899.1967271,1045.06367,0,
82,50343,1115.028247,14260,10,99,1527,10,100,1084.92363,1138.06617,0,,1175.882224,14395,10,100,1541,10,100,1148.757614,1204.950566,0,,1089.725297,12672,9,88,1313,9,86,991.9769132,1173.133035,0,,1089.725297,12672,9,88,1313,9,86,991.9769132,1173.133035,0,
83,50350,1038.271272,9335,7,65,863,6,57,988.8140377,1072.204086,0,,986.1712058,7742,6,54,797,6,52,940.3903355,1031.932214,0,,1019.774113,6729,5,47,569,4,37,980.3963082,1045.308308,0,,1019.774113,6729,5,47,569,4,37,980.3963082,1045.308308,0,
84,50353,1020.131354,7702,6,54,698,5,46,937.1756982,1150.350293,0.255597484,,1173.163408,14385,10,100,1540,10,100,1148.922069,1371.943981,0.255597484,,864.4911276,493,1,4,82,1,6,770.7386417,1006.179922,0.255597484,,864.4911276,493,1,4,82,1,6,770.7386417,1006.179922,0.255597484,
85,50361,843.0951115,557,1,4,75,1,5,843.0951115,843.0951115,0,,1060.544995,12393,9,86,1279,9,83,1060.544995,1060.544995,0,,891.1929939,736,1,6,104,1,7,891.1929939,891.1929939,0,,891.1929939,736,1,6,104,1,7,891.1929939,891.1929939,0,
86,50367,1068.374119,12147,9,84,1215,8,79,992.2518721,1113.046817,0,,1019.010466,10181,8,71,1051,7,69,981.7991582,1062.950452,0,,1090.974359,12733,9,89,1314,9,86,903.7338039,1170.720086,0,,1090.974359,12733,9,89,1314,9,86,903.7338039,1170.720086,0,
87,50371,1082.867588,13162,10,92,1365,9,89,1056.601614,1124.390528,0,,1155.81045,14290,10,99,1531,10,100,1142.955164,1177.915374,0,,1028.753592,7577,6,53,659,5,43,951.5752648,1093.024745,0,,1028.753592,7577,6,53,659,5,43,951.5752648,1093.024745,0,
88,50374,1138.749819,14441,10,100,1537,10,100,1123.023486,1168.568529,0,,1186.447602,14431,10,100,1544,10,100,1151.155621,1213.516021,0,,1160.867607,14364,10,100,1533,10,100,1105.167002,1206.661258,0,,1160.867607,14364,10,100,1533,10,100,1105.167002,1206.661258,0,
89,50384,1042.042991,9692,7,68,891,6,58,969.948642,1083.136283,0,,1010.411018,9503,7,66,949,7,62,965.4284457,1048.161662,0,,1105.826406,13363,10,93,1414,10,92,883.1542195,1157.717011,0,,1105.826406,13363,10,93,1414,10,92,883.1542195,1157.717011,0,
90,50389,1064.231039,11777,9,82,1158,8,76,1047.15954,1074.515488,0,,959.1335937,5789,4,40,585,4,38,924.0546771,1001.287941,0,,1134.8039,14109,10,98,1498,10,98,1102.066562,1171.651078,0,,1134.8039,14109,10,98,1498,10,98,1102.066562,1171.651078,0,
91,50390,1095.9281,13772,10,96,1465,10,96,1067.038766,1119.178913,0,,1098.677895,13546,10,94,1443,10,94,1057.202445,1134.473716,0,,1114.933474,13691,10,95,1456,10,95,1083.477333,1148.499527,0,,1114.933474,13691,10,95,1456,10,95,1083.477333,1148.499527,0,
92,50396,992.4494538,5412,4,38,456,3,30,926.3755424,1070.926898,0,,917.822588,3031,3,21,304,2,20,863.7249354,989.407218,0,,1046.515964,9135,7,64,846,6,55,957.51776,1113.559124,0,,1046.515964,9135,7,64,846,6,55,957.51776,1113.559124,0,
93,50397,1047.300981,10154,8,71,939,7,62,1000.649182,1093.964154,0,,985.9582656,7733,6,54,795,6,52,948.7748139,1040.324857,0,,1060.786167,10371,8,72,986,7,65,942.6041511,1114.668779,0,,1060.786167,10371,8,72,986,7,65,942.6041511,1114.668779,0,
94,50409,1024.863514,8097,6,56,740,5,49,874.1435415,1137.807374,0,,1030.864545,10910,8,76,1100,8,72,935.5268778,1172.890946,0,,1018.826541,6666,5,47,557,4,37,892.0077211,1191.196291,0,,1018.826541,6666,5,47,557,4,37,892.0077211,1191.196291,0,
95,50423,1060.050615,11399,8,79,1108,8,72,991.0986125,1113.365281,0,,1102.07926,13630,10,95,1457,10,95,1039.490403,1140.648217,0,,1029.303984,7640,6,53,662,5,43,932.0820995,1138.108871,0,,1029.303984,7640,6,53,662,5,43,932.0820995,1138.108871,0,
96,50431,945.3109833,2575,2,18,218,2,15,821.0269174,1073.132834,0,,896.7475447,1945,2,14,189,2,13,808.5129386,982.1161111,0,,987.8693401,4273,3,30,384,3,25,820.6053805,1133.873217,0,,987.8693401,4273,3,30,384,3,25,820.6053805,1133.873217,0,
97,50438,1089.864783,13494,10,94,1409,10,92,1028.157221,1132.948383,0,,1080.780248,13123,10,91,1395,10,91,1023.438474,1133.256879,0,,1100.831589,13164,10,91,1384,9,90,1028.804718,1168.119312,0,,1100.831589,13164,10,91,1384,9,90,1028.804718,1168.119312,0,
98,50453,1000.282658,6010,5,42,516,4,34,936.9032708,1041.509767,0,,987.0370763,7833,6,55,805,6,53,936.3616613,1014.361367,0,,993.0383686,4591,4,32,418,3,28,911.618963,1070.29959,0,,993.0383686,4591,4,32,418,3,28,911.618963,1070.29959,0,
99,50457,1082.151464,13103,10,91,1361,9,89,1017.550512,1126.785499,0,,1123.17368,13971,10,97,1512,10,98,1085.536241,1150.595413,0,,1066.185711,10818,8,75,1065,7,70,959.5446672,1136.009791,0,,1066.185711,10818,8,75,1065,7,70,959.5446672,1136.009791,0,
100,50464,1042.730604,9753,7,68,898,6,59,814.7014101,1119.378139,0,,1116.292108,13882,10,96,1495,10,97,968.8151152,1189.851965,0,,920.7359067,1262,1,9,145,1,10,667.6967104,1034.74,0,,920.7359067,1262,1,9,145,1,10,667.6967104,1034.74,0,
101,50467,818.6612078,417,1,3,60,1,4,806.098324,829.5927098,0,,782.0150055,71,1,1,9,1,1,725.5129836,831.1798292,0,,844.8939459,394,1,3,72,1,5,820.3286955,866.2692199,0,,844.8939459,394,1,3,72,1,5,820.3286955,866.2692199,0,
102,50468,1046.166759,10069,7,70,934,7,61,970.3046402,1114.208192,0.000378465,,1086.765505,13276,10,92,1412,10,92,1035.521333,1136.387752,0.000378465,,994.9313089,4726,4,33,430,3,28,843.6086641,1104.550172,0.000378465,,994.9313089,4726,4,33,430,3,28,843.6086641,1104.550172,0.000378465,
103,50473,991.439434,5299,4,37,451,3,30,918.3226973,1032.150907,0,,964.4924303,6171,5,43,641,5,42,918.4188093,1015.744676,0,,990.531001,4404,4,31,407,3,27,954.3383679,1043.523394,0,,990.531001,4404,4,31,407,3,27,954.3383679,1043.523394,0,
104,50474,1060.221657,11427,8,80,1110,8,73,1028.145164,1084.136627,0.000644192,,1024.419274,10503,8,73,1077,7,70,974.7174539,1048.74577,0.000644192,,1064.577721,10683,8,74,1045,7,68,999.4213369,1103.768122,0.000644192,,1064.577721,10683,8,74,1045,7,68,999.4213369,1103.768122,0.000644192,
105,50476,1030.3546,8635,6,60,809,6,53,988.1916146,1068.262888,0,,965.6069612,6279,5,44,657,5,43,943.5162002,1015.065403,0,,1059.588495,10292,8,72,978,7,64,1005.944362,1102.145045,0,,1059.588495,10292,8,72,978,7,64,1005.944362,1102.145045,0,
106,50482,978.1669228,4304,3,30,345,3,23,812.0648083,1059.162211,0,,921.2317606,3211,3,23,319,3,21,709.0876655,982.1689143,0,,1024.867385,7162,5,50,626,5,41,778.6053952,1155.857693,0,,1024.867385,7162,5,50,626,5,41,778.6053952,1155.857693,0,
107,50484,991.2472652,5286,4,37,445,3,29,916.1171252,1051.267385,0.000897436,,1004.507789,9090,7,63,908,6,59,944.7145627,1057.105616,0.000897436,,979.4500635,3681,3,26,333,3,22,933.0699781,1036.255649,0.000897436,,979.4500635,3681,3,26,333,3,22,933.0699781,1036.255649,0.000897436,
108,50491,964.7552465,3495,3,25,279,2,19,882.3975346,1003.870936,0.070547062,,906.240714,2377,2,17,220,2,15,828.695849,947.2379878,0.070547062,,988.9418612,4332,3,30,402,3,27,862.6080215,1042.726272,0.070547062,,988.9418612,4332,3,30,402,3,27,862.6080215,1042.726272,0.070547062,
109,50500,974.6517193,4092,3,29,316,3,21,857.432151,1045.046934,0,,926.2559787,3523,3,25,346,3,23,855.1625519,978.0110451,0,,996.5765876,4866,4,34,434,3,29,885.3637643,1114.765079,0,,996.5765876,4866,4,34,434,3,29,885.3637643,1114.765079,0,
110,50502,1003.34272,6256,5,44,556,4,37,932.9159596,1046.261417,0,,989.6101391,8010,6,56,815,6,53,929.88458,1011.409024,0,,997.9519729,4977,4,35,437,3,29,937.6199273,1054.381485,0,,997.9519729,4977,4,35,437,3,29,937.6199273,1054.381485,0,
111,50510,1124.686329,14375,10,100,1531,10,100,1073.058121,1156.613896,0,,1167.058516,14354,10,100,1536,10,100,1127.265807,1196.949724,0,,1144.345776,14234,10,99,1521,10,99,1074.861819,1233.827338,0,,1144.345776,14234,10,99,1521,10,99,1074.861819,1233.827338,0,
112,50517,1001.47056,6085,5,43,530,4,35,952.1749175,1049.328841,0,,938.4182597,4324,3,30,419,3,28,880.9636627,992.9977712,0,,1052.789166,9725,7,68,916,6,60,1004.062128,1087.314275,0,,1052.789166,9725,7,68,916,6,60,1004.062128,1087.314275,0,
113,50518,987.6819348,4996,4,35,409,3,27,875.6637131,1049.683393,0,,914.810986,2859,2,20,273,2,18,836.1162661,969.9933728,0,,1005.686529,5526,4,39,488,4,32,855.693544,1093.903601,0,,1005.686529,5526,4,39,488,4,32,855.693544,1093.903601,0,
114,50522,1029.552277,8552,6,60,797,6,52,914.0666691,1082.582504,0,,1107.070752,13717,10,95,1465,10,95,1044.902794,1148.207637,0,,961.1755511,2705,2,19,253,2,17,810.8161709,1061.161743,0,,961.1755511,2705,2,19,253,2,17,810.8161709,1061.161743,0,
115,50542,1071.735624,12398,9,86,1258,9,82,1042.079224,1093.592967,0,,1008.706663,9402,7,65,937,7,61,971.343843,1055.069953,0,,1131.569689,14065,10,98,1497,10,98,1090.460358,1159.840947,0,,1131.569689,14065,10,98,1497,10,98,1090.460358,1159.840947,0,
116,50550,858.8066867,666,1,5,81,1,6,767.0281527,933.6055,0,,887.2475176,1555,2,11,162,2,11,831.3070135,954.0998297,0,,903.1594094,895,1,7,114,1,8,840.0640973,981.2124127,0,,903.1594094,895,1,7,114,1,8,840.0640973,981.2124127,0,
117,50552,1077.096566,12747,9,89,1307,9,85,1044.463458,1096.503783,0,,1049.602743,11863,9,82,1215,8,79,1033.48694,1102.499007,0,,1092.135439,12772,9,89,1320,9,86,1027.010844,1148.499527,0,,1092.135439,12772,9,89,1320,9,86,1027.010844,1148.499527,0,
118,50556,957.4779085,3109,3,22,248,2,17,863.5316879,1001.162426,0.001141553,,1012.01216,9641,7,67,955,7,62,969.3623626,1059.503261,0.001141553,,882.3936302,630,1,5,98,1,7,813.3737181,900.8168438,0.001141553,,882.3936302,630,1,5,98,1,7,813.3737181,900.8168438,0.001141553,
119,50561,1029.696474,8570,6,60,798,6,52,997.7603101,1084.310202,0,,946.6519456,4907,4,34,494,4,32,926.6602805,1000.518358,0,,1091.634428,12756,9,89,1317,9,86,976.9001907,1186.369758,0,,1091.634428,12756,9,89,1317,9,86,976.9001907,1186.369758,0,
120,50566,1000.890009,6043,5,42,520,4,34,924.9123051,1087.452908,0,,944.8026139,4763,4,33,473,4,31,893.0038363,1004.917733,0,,1031.449871,7812,6,55,678,5,45,958.2597505,1175.55412,0,,1031.449871,7812,6,55,678,5,45,958.2597505,1175.55412,0,
121,50571,1094.345127,13702,10,95,1448,10,95,1028.745908,1158.238694,0,,1074.575901,12952,9,90,1368,9,89,1039.523706,1109.629637,0,,1107.666011,13421,10,93,1424,10,93,1040.342805,1181.221604,0,,1107.666011,13421,10,93,1424,10,93,1040.342805,1181.221604,0,
122,50574,891.8847406,1106,1,8,113,1,8,798.2349501,1041.74026,0,,867.6889019,973,1,7,113,1,8,781.1263841,1002.123241,0,,934.7302826,1641,2,12,170,2,12,756.6242462,1109.00764,0,,934.7302826,1641,2,12,170,2,12,756.6242462,1109.00764,0,
123,50583,889.6605079,1062,1,8,111,1,8,771.4701451,1066.751782,0.055426082,,841.5559679,473,1,4,53,1,4,765.1613695,971.7349917,0.055426082,,954.0597136,2378,2,17,226,2,15,851.0291825,1138.032178,0.055426082,,954.0597136,2378,2,17,226,2,15,851.0291825,1138.032178,0.055426082,
124,50585,1030.716796,8658,6,60,812,6,53,998.4068449,1075.777548,0,,982.3945946,7435,6,52,768,5,50,942.6314091,1046.406752,0,,1038.592824,8479,6,59,770,6,51,977.3357959,1102.574638,0,,1038.592824,8479,6,59,770,6,51,977.3357959,1102.574638,0,
125,50587,1054.201256,10835,8,75,1037,7,68,996.1143662,1092.276408,0,,1017.642616,10050,7,70,1026,7,67,969.9963389,1047.086304,0,,1058.882966,10244,8,71,975,7,64,1021.576167,1090.766925,0,,1058.882966,10244,8,71,975,7,64,1021.576167,1090.766925,0,
126,50594,1039.138451,9410,7,66,869,6,57,978.7826875,1098.565522,0,,1085.59253,13237,10,92,1406,10,92,1060.722124,1115.132462,0,,1054.662234,9866,7,69,926,7,61,1006.797343,1142.835542,0,,1054.662234,9866,7,69,926,7,61,1006.797343,1142.835542,0,
127,50599,1109.456305,14146,10,98,1514,10,99,1052.735103,1143.234754,0,,1101.774622,13624,10,94,1456,10,95,1046.828618,1135.612528,0,,1125.68062,13957,10,97,1493,10,97,1022.687592,1193.819654,0,,1125.68062,13957,10,97,1493,10,97,1022.687592,1193.819654,0,
128,50601,1058.736134,11266,8,78,1097,8,72,1058.736134,1058.736134,0,Y,1051.042873,11951,9,83,1226,8,80,1051.042873,1051.042873,0,Y,1097.671485,13020,10,91,1349,9,88,1097.671485,1097.671485,0,Y,1097.671485,13020,10,91,1349,9,88,1097.671485,1097.671485,0,Y
129,50603,1008.496736,6688,5,47,596,4,39,856.1447974,1081.27438,0,,952.4121396,5310,4,37,541,4,36,857.4340733,1023.629502,0,,1046.12438,9103,7,63,845,6,55,893.3647632,1110.346963,0,,1046.12438,9103,7,63,845,6,55,893.3647632,1110.346963,0,
130,50607,1055.444144,10963,8,76,1054,7,69,1035.486162,1091.576576,0,,1036.305169,11218,8,78,1143,8,74,970.2430092,1081.960679,0,,1054.814597,9884,7,69,928,7,61,1020.828021,1096.409204,0,,1054.814597,9884,7,69,928,7,61,1020.828021,1096.409204,0,
131,50609,963.0953449,3390,3,24,273,2,18,881.2577503,1023.870752,0,,995.6347129,8456,6,59,863,6,56,944.7278149,1040.737262,0,,939.7358322,1845,2,13,184,2,12,833.9967532,1018.766531,0,,939.7358322,1845,2,13,184,2,12,833.9967532,1018.766531,0,
132,50610,1083.32433,13185,10,92,1367,9,89,1005.710612,1125.249651,0,,1035.13842,11171,8,78,1135,8,74,927.8384129,1094.207238,0,,1088.674283,12571,9,87,1297,9,85,929.1681342,1162.763829,0,,1088.674283,12571,9,87,1297,9,85,929.1681342,1162.763829,0,
133,50613,1074.093865,12580,9,87,1283,9,84,927.9019667,1101.635986,0,,1039.611451,11340,8,79,1148,8,75,963.8030924,1078.857633,0,,1096.260344,12953,9,90,1341,9,88,966.0568902,1171.581583,0,,1096.260344,12953,9,90,1341,9,88,966.0568902,1171.581583,0,
134,50619,1045.770632,10025,7,70,930,7,61,1024.360044,1072.358358,0,,982.5822977,7454,6,52,770,5,50,967.1579462,1012.109122,0,,1074.103511,11491,8,80,1161,8,76,1066.160877,1091.268479,0,,1074.103511,11491,8,80,1161,8,76,1066.160877,1091.268479,0,
135,50620,1019.130879,7614,6,53,695,5,46,988.956407,1066.373013,0,,974.074782,6895,5,48,714,5,47,953.9587269,1008.43944,0,,1031.716655,7823,6,55,679,5,45,994.510532,1067.085166,0,,1031.716655,7823,6,55,679,5,45,994.510532,1067.085166,0,
136,50622,1020.266152,7711,6,54,699,5,46,983.519273,1076.357904,0,,970.1930568,6611,5,46,692,5,45,931.3516974,1007.119957,0,,1023.401002,7025,5,49,610,4,40,980.3228489,1070.720328,0,,1023.401002,7025,5,49,610,4,40,980.3228489,1070.720328,0,
137,50623,1052.089253,10622,8,74,1009,7,66,963.8204447,1099.382427,0.001210654,,987.5239325,7864,6,55,808,6,53,928.9641372,1026.256306,0.001210654,,1079.22205,11909,9,83,1214,8,79,965.3706239,1160.605947,0.001210654,,1079.22205,11909,9,83,1214,8,79,965.3706239,1160.605947,0.001210654,
138,50624,1057.446962,11144,8,78,1076,7,70,910.7436204,1057.446962,0.277777778,,968.815518,6522,5,45,683,5,45,896.4246876,968.815518,0.277777778,,1093.445179,12841,9,89,1326,9,87,911.2808321,1093.445179,0.277777778,,1093.445179,12841,9,89,1326,9,87,911.2808321,1093.445179,0.277777778,
139,50625,1016.457537,7349,6,51,660,5,43,975.1320772,1073.892765,0,,939.5883769,4396,4,31,429,3,28,891.6729289,1005.110427,0,,1080.908134,12026,9,84,1231,8,80,1022.832811,1159.140563,0,,1080.908134,12026,9,84,1231,8,80,1022.832811,1159.140563,0,
140,50628,1020.910613,7778,6,54,708,5,47,977.5507901,1077.412166,0,,936.4808156,4200,3,29,409,3,27,849.8154707,984.7457541,0,,1067.747613,10958,8,76,1101,8,72,993.1149864,1131.087767,0,,1067.747613,10958,8,76,1101,8,72,993.1149864,1131.087767,0,
141,50629,1004.500195,6352,5,44,567,4,37,1004.500195,1004.500195,0,,919.5429713,3115,3,22,311,3,21,919.5429713,919.5429713,0,,1076.601857,11695,9,81,1177,8,77,1076.601857,1076.601857,0,,1076.601857,11695,9,81,1177,8,77,1076.601857,1076.601857,0,
142,50633,998.5486709,5890,5,41,502,4,33,941.1822882,1051.044272,0,,914.1151908,2820,2,20,269,2,18,865.0936888,960.5307323,0,,1026.413046,7313,6,51,644,5,42,923.8966986,1105.882256,0,,1026.413046,7313,6,51,644,5,42,923.8966986,1105.882256,0,
143,50635,1040.359002,9562,7,67,880,6,58,932.541239,1098.913639,0,,1116.733834,13889,10,96,1496,10,97,1070.558603,1160.088743,0,,917.3292326,1172,1,9,133,1,9,816.8642484,959.6281816,0,,917.3292326,1172,1,9,133,1,9,816.8642484,959.6281816,0,
144,50636,1033.615675,8860,7,62,833,6,55,908.0257532,1090.710305,0,,950.6161593,5173,4,36,516,4,34,872.9536242,976.7396616,0,,1063.294141,10579,8,74,1023,7,67,974.9280807,1117.817658,0,,1063.294141,10579,8,74,1023,7,67,974.9280807,1117.817658,0,
145,50638,1095.414503,13748,10,96,1453,10,95,1030.233327,1145.859328,0,,1081.305257,13133,10,91,1396,10,91,985.705148,1125.539762,0,,1111.508614,13591,10,94,1449,10,95,1007.160625,1189.458291,0,,1111.508614,13591,10,94,1449,10,95,1007.160625,1189.458291,0,
146,50639,913.7905383,1543,2,11,149,1,10,878.696711,945.871396,0,,845.1495793,520,1,4,58,1,4,836.1954528,851.3730026,0,,957.5454091,2505,2,18,239,2,16,943.0087059,968.5628774,0,,957.5454091,2505,2,18,239,2,16,943.0087059,968.5628774,0,
147,50641,997.1930655,5788,5,41,494,4,33,956.0806235,1040.573584,0,,1064.150513,12517,9,87,1297,9,84,1023.089031,1104.567852,0,,973.4868655,3324,3,23,296,2,20,917.2086528,1034.513522,0,,973.4868655,3324,3,23,296,2,20,917.2086528,1034.513522,0,
148,50645,1053.167319,10741,8,75,1028,7,67,1013.025576,1122.820378,0,,991.1342656,8112,6,56,824,6,54,921.6256835,1045.140147,0,,1084.626706,12316,9,86,1262,9,82,1006.435599,1146.868098,0,,1084.626706,12316,9,86,1262,9,82,1006.435599,1146.868098,0,
149,50652,1002.024832,6117,5,43,533,4,35,1002.024832,1002.024832,0,,911.8047432,2693,2,19,247,2,17,911.8047432,911.8047432,0,,1046.938184,9173,7,64,848,6,56,1046.938184,1046.938184,0,,1046.938184,9173,7,64,848,6,56,1046.938184,1046.938184,0,
150,50653,1008.035918,6629,5,46,580,4,38,1008.035918,1008.035918,0,,1014.291985,9814,7,68,1000,7,65,1014.291985,1014.291985,0,,1067.562681,10932,8,76,1089,8,71,1067.562681,1067.562681,0,,1067.562681,10932,8,76,1089,8,71,1067.562681,1067.562681,0,
151,50657,1105.17338,14047,10,98,1507,10,98,1103.258477,1106.933439,0,,1077.710877,13031,9,90,1376,9,90,1050.499391,1102.721973,0,,1144.619124,14238,10,99,1523,10,99,1143.726925,1145.439178,0,,1144.619124,14238,10,99,1523,10,99,1143.726925,1145.439178,0,
152,50661,983.2847757,4651,4,33,378,3,25,918.0521478,1047.526963,0,,914.0484983,2816,2,20,268,2,18,860.1111603,955.0524083,0,,1031.026828,7781,6,54,671,5,44,956.4895839,1099.385198,0,,1031.026828,7781,6,54,671,5,44,956.4895839,1099.385198,0,
153,50664,1109.449961,14145,10,98,1513,10,99,895.339192,1123.839725,0,,1069.872746,12746,9,88,1335,9,87,787.7670441,1103.597105,0,,1173.936497,14422,10,100,1535,10,100,866.6154299,1208.070533,0,,1173.936497,14422,10,100,1535,10,100,866.6154299,1208.070533,0,
154,50668,1064.88632,11831,9,82,1162,8,76,964.2515789,1115.423806,0,,1109.641348,13772,10,96,1483,10,96,1075.129525,1143.493308,0,,1013.195523,6198,5,43,526,4,35,906.7745087,1113.674671,0,,1013.195523,6198,5,43,526,4,35,906.7745087,1113.674671,0,
155,50670,1035.627078,9078,7,63,843,6,55,950.5933664,1104.389138,0.002189324,,1072.155669,12868,9,89,1357,9,88,876.4555595,1107.848999,0,,965.0406122,2908,3,21,263,2,18,904.8152579,1034.533131,0,,965.0406122,2908,3,21,263,2,18,904.8152579,1034.533131,0,
156,50681,1052.508288,10654,8,74,1018,7,67,1052.508288,1052.508288,0,,939.0127899,4375,4,31,424,3,28,939.0127899,939.0127899,0,,1074.071508,11489,8,80,1160,8,76,1074.071508,1074.071508,0,,1074.071508,11489,8,80,1160,8,76,1074.071508,1074.071508,0,
157,50682,1075.165961,12629,9,88,1288,9,84,1039.385676,1102.007351,0,,1032.690851,11021,8,77,1118,8,73,983.1388768,1073.503488,0,,1116.552352,13735,10,95,1460,10,95,1073.829834,1167.921439,0,,1116.552352,13735,10,95,1460,10,95,1073.829834,1167.921439,0,
158,50683,1055.480893,10970,8,76,1055,7,69,994.2202049,1093.288444,0,,960.2174955,5868,5,41,594,4,39,909.6254601,1018.13477,0,,1105.269724,13338,10,93,1405,10,92,1044.731138,1201.568647,0,,1105.269724,13338,10,93,1405,10,92,1044.731138,1201.568647,0,
159,50686,1029.057381,8483,6,59,785,6,52,966.327164,1072.789604,0,,966.0875832,6324,5,44,671,5,44,880.9458751,1017.466101,0,,1080.980236,12029,9,84,1232,9,81,1014.033082,1128.67,0,,1080.980236,12029,9,84,1232,9,81,1014.033082,1128.67,0,
160,50696,1080.449797,12976,9,90,1335,9,87,1054.90308,1096.453944,0,,1018.818016,10152,8,71,1050,7,68,1012.900708,1039.45327,0,,1122.62192,13898,10,97,1487,10,97,1091.911417,1200.031739,0,,1122.62192,13898,10,97,1487,10,97,1091.911417,1200.031739,0,
161,50700,1051.603829,10586,8,74,1000,7,65,992.5760182,1100.639664,0,,1126.582725,14021,10,97,1516,10,99,1081.153709,1158.940257,0,,974.5222117,3374,3,24,302,2,20,862.5945958,1093.024745,0,,974.5222117,3374,3,24,302,2,20,862.5945958,1093.024745,0,
162,50701,1017.621714,7471,6,52,682,5,45,946.560419,1106.659692,0,,1018.088564,10082,7,70,1033,7,67,945.6642269,1069.106091,0,,980.7673351,3758,3,26,342,3,23,815.5154322,1138.62404,0,,980.7673351,3758,3,26,342,3,23,815.5154322,1138.62404,0,
163,50702,1040.471804,9565,7,67,881,6,58,988.7300321,1095.530944,0,,1079.734246,13096,10,91,1392,10,91,1053.233717,1107.791552,0,,970.430946,3184,3,23,289,2,19,914.3961123,1077.0698,0,,970.430946,3184,3,23,289,2,19,914.3961123,1077.0698,0,
164,50707,1060.041663,11398,8,79,1107,8,72,951.5349918,1113.838959,0,,1042.378707,11506,8,80,1170,8,76,954.4639044,1101.20326,0,,1053.90769,9817,7,68,924,7,61,910.5825429,1145.797691,0,,1053.90769,9817,7,68,924,7,61,910.5825429,1145.797691,0,
165,50714,1082.315131,13125,10,91,1362,9,89,1016.187613,1125.407952,0,,1072.021808,12861,9,89,1354,9,88,968.5637702,1120.411267,0,,1100.523943,13161,10,91,1383,9,90,980.8717842,1178.058253,0,,1100.523943,13161,10,91,1383,9,90,980.8717842,1178.058253,0,
166,50724,970.154818,3803,3,27,295,2,20,798.0862789,1055.063667,0,,1051.069397,11954,9,83,1229,8,80,1003.828657,1105.979728,0,,939.5636197,1838,2,13,182,2,12,670.2510381,1066.104534,0,,939.5636197,1838,2,13,182,2,12,670.2510381,1066.104534,0,
167,50725,1060.978555,11493,8,80,1111,8,73,982.4650533,1114.977112,0,,1047.080601,11752,9,82,1205,8,78,998.9277587,1098.388055,0,,1048.652792,9354,7,65,877,6,57,916.3592914,1157.984073,0,,1048.652792,9354,7,65,877,6,57,916.3592914,1157.984073,0,
168,50731,1026.924583,8292,6,58,763,5,50,994.2518277,1059.929335,0,,930.15524,3745,3,26,361,3,24,907.0549142,984.4984714,0,,1091.113814,12738,9,89,1316,9,86,1020.957918,1152.55698,0,,1091.113814,12738,9,89,1316,9,86,1020.957918,1152.55698,0,
169,50732,1068.759673,12173,9,85,1220,8,80,1068.759673,1069.529504,0,,1011.848319,9624,7,67,952,7,62,1011.848319,1079.127205,0,,1099.597128,13117,10,91,1374,9,90,1099.597128,1123.952546,0,,1099.597128,13117,10,91,1374,9,90,1099.597128,1123.952546,0,
170,50734,1043.125432,9782,7,68,900,6,59,1043.125432,1043.125432,0,,990.5404688,8074,6,56,818,6,53,990.5404688,990.5404688,0,,1027.940322,7462,6,52,654,5,43,1027.940322,1027.940322,0,,1027.940322,7462,6,52,654,5,43,1027.940322,1027.940322,0,
171,50740,1093.07165,13653,10,95,1430,10,93,971.3503935,1139.863098,0.028525187,,1096.643213,13508,10,94,1440,10,94,1031.70187,1122.764977,0.028525187,,1094.781033,12904,9,90,1333,9,87,945.5543705,1200.224148,0.028525187,,1094.781033,12904,9,90,1333,9,87,945.5543705,1200.224148,0.028525187,
172,50748,943.2094353,2485,2,18,212,2,14,766.2336334,1070.688556,0,,907.1641118,2423,2,17,222,2,15,777.3608782,1030.833394,0,,962.5311218,2790,2,20,260,2,17,772.7807018,1111.742598,0,,962.5311218,2790,2,20,260,2,17,772.7807018,1111.742598,0,
173,50752,1081.935959,13090,10,91,1359,9,89,1030.578783,1126.112446,0,,1119.441058,13931,10,97,1503,10,98,1067.149941,1157.079364,0,,1063.752497,10606,8,74,1029,7,67,970.1322872,1110.915643,0,,1063.752497,10606,8,74,1029,7,67,970.1322872,1110.915643,0,
174,50754,935.0995631,2214,2,16,193,2,13,895.2271454,993.4437745,0,,897.3014322,1979,2,14,195,2,13,859.5360198,933.4645108,0,,978.0391288,3589,3,25,322,3,21,933.1394679,1034.817493,0,,978.0391288,3589,3,25,322,3,21,933.1394679,1034.817493,0,
175,50756,1001.091768,6065,5,42,525,4,35,930.5173887,1046.70132,0,,991.0743976,8104,6,56,823,6,54,941.049298,1050.601094,0,,973.0314653,3308,3,23,295,2,20,913.9666204,1027.520037,0,,973.0314653,3308,3,23,295,2,20,913.9666204,1027.520037,0,
176,50757,1027.516169,8343,6,58,767,5,50,1003.721016,1027.516169,0,,1034.505519,11145,8,77,1131,8,74,967.872933,1034.505519,0,,1042.769067,8820,7,61,806,6,53,1042.769067,1051.811397,0,,1042.769067,8820,7,61,806,6,53,1042.769067,1051.811397,0,
177,50758,1000.828397,6039,5,42,518,4,34,975.8209983,1027.680886,0,,942.0363426,4542,4,32,449,3,30,920.9114419,967.1859751,0,,1017.456475,6564,5,46,544,4,36,966.9775328,1052.58805,0,,1017.456475,6564,5,46,544,4,36,966.9775328,1052.58805,0,
178,50764,1068.596988,12163,9,85,1219,8,80,959.4165296,1107.131847,0,,1025.491501,10572,8,73,1079,7,70,938.4483073,1072.223736,0,,1077.969992,11803,9,82,1184,8,77,931.2662069,1149.187563,0,,1077.969992,11803,9,82,1184,8,77,931.2662069,1149.187563,0,
179,50766,1060.216196,11425,8,79,1109,8,73,1016.136449,1088.036563,0,,993.4594672,8283,6,58,839,6,55,948.4931119,1027.010263,0,,1095.382727,12926,9,90,1339,9,87,1050.884028,1141.263089,0,,1095.382727,12926,9,90,1339,9,87,1050.884028,1141.263089,0,
180,50781,794.7428473,337,1,3,54,1,4,731.2271648,856.5958951,0,,846.2524787,531,1,4,60,1,4,812.9593785,882.8662351,0,,902.2356716,883,1,7,113,1,8,843.2861073,970.6025553,0,,902.2356716,883,1,7,113,1,8,843.2861073,970.6025553,0,
181,50782,911.4657045,1489,2,11,148,1,10,894.6616412,926.1333878,0,,885.9262847,1510,2,11,161,2,11,853.0339235,914.6368847,0,,924.0377275,1336,1,10,151,1,10,914.1269827,932.6884724,0,,924.0377275,1336,1,10,151,1,10,914.1269827,932.6884724,0,
182,50805,1002.024832,6118,5,43,534,4,35,1002.024832,1002.024832,0.190476191,,911.8047432,2694,2,19,248,2,17,911.8047432,952.5494854,0.190476191,,1046.938184,9174,7,64,849,6,56,1046.938184,1046.938184,0.190476191,,1046.938184,9174,7,64,849,6,56,1046.938184,1046.938184,0.190476191,
183,50806,940.9014269,2407,2,17,206,2,14,940.9014269,940.9014269,0,,916.3777127,2949,3,21,295,2,20,916.3777127,916.3777127,0,,937.4385012,1768,2,13,177,2,12,937.4385012,937.4385012,0,,937.4385012,1768,2,13,177,2,12,937.4385012,937.4385012,0,
184,50816,1051.511399,10576,8,74,999,7,65,910.7436204,1080.688321,0,,982.7479365,7462,6,52,775,6,51,896.4246876,1022.16166,0,,1068.668544,11026,8,77,1105,8,72,911.2808321,1094.426461,0,,1068.668544,11026,8,77,1105,8,72,911.2808321,1094.426461,0,
185,50828,992.8093021,5450,4,38,463,4,31,576.9325685,1069.710018,0,,931.2336674,3820,3,27,366,3,24,617.1128347,995.4992058,0,,1038.806753,8497,6,59,772,6,51,696.7010555,1107.738143,0,,1038.806753,8497,6,59,772,6,51,696.7010555,1107.738143,0,
186,50831,1058.855099,11274,8,78,1100,8,72,1009.916976,1109.135868,0,,1003.454973,9030,7,63,906,6,59,931.9588035,1052.806326,0,,1121.046785,13861,10,96,1480,10,97,1019.997643,1168.602264,0,,1121.046785,13861,10,96,1480,10,97,1019.997643,1168.602264,0,
187,50833,908.9608533,1444,1,10,136,1,9,829.6867026,976.4662682,0,,932.1563241,3907,3,27,371,3,25,891.2211664,983.2627708,0,,939.7062845,1843,2,13,183,2,12,860.0396041,1050.678272,0,,939.7062845,1843,2,13,183,2,12,860.0396041,1050.678272,0,
188,50835,1063.814397,11731,9,82,1143,8,75,1020.184352,1089.910104,0,,1075.561352,12990,9,90,1373,9,89,1049.171386,1094.900747,0,,1018.180423,6625,5,46,548,4,36,921.9213081,1080.990924,0,,1018.180423,6625,5,46,548,4,36,921.9213081,1080.990924,0,
189,50838,908.7130754,1438,1,10,135,1,9,867.8031893,975.9254686,0,,868.9176489,997,1,7,118,1,8,825.2132585,913.1373743,0,,980.8519547,3762,3,27,343,3,23,913.7763585,1035.609329,0,,980.8519547,3762,3,27,343,3,23,913.7763585,1035.609329,0,
190,50840,1088.919802,13442,10,93,1396,10,91,1039.83287,1106.65184,0,,1150.85435,14257,10,99,1529,10,99,1123.647037,1178.11316,0,,1004.77426,5449,4,38,478,4,32,947.3310285,1077.83629,0,,1004.77426,5449,4,38,478,4,32,947.3310285,1077.83629,0,
191,50842,1089.305745,13458,10,94,1397,10,91,1028.061153,1151.323527,0,,1068.252697,12697,9,88,1330,9,87,1014.301103,1124.462863,0,,1106.129856,13377,10,93,1419,10,93,1037.88426,1159.655538,0,,1106.129856,13377,10,93,1419,10,93,1037.88426,1159.655538,0,
192,50849,1068.46753,12150,9,85,1216,8,80,991.179164,1113.043407,0,,1028.565203,10769,8,75,1093,8,71,983.0320363,1088.018131,0,,1084.548594,12310,9,86,1261,9,82,965.8655509,1152.561575,0,,1084.548594,12310,9,86,1261,9,82,965.8655509,1152.561575,0,
193,50850,1007.494858,6567,5,46,578,4,38,1007.494858,1007.494858,0,Y,941.8429659,4529,4,32,448,3,29,941.8429659,941.8429659,0,Y,1099.467063,13111,10,91,1373,9,90,1099.467063,1099.467063,0,Y,1099.467063,13111,10,91,1373,9,90,1099.467063,1099.467063,0,Y
194,50857,870.0536833,782,1,6,91,1,6,822.8232082,959.0937436,0,,869.6996418,1014,1,7,120,1,8,825.8330643,920.9178711,0,,899.2858906,856,1,6,111,1,8,846.2117342,952.3494457,0,,899.2858906,856,1,6,111,1,8,846.2117342,952.3494457,0,
195,50871,987.2691567,4970,4,35,402,3,27,950.0315287,1034.285911,0,,976.545532,7036,5,49,726,5,47,926.4370053,1031.95165,0,,975.9025962,3463,3,24,310,3,21,946.6178561,1012.134882,0,,975.9025962,3463,3,24,310,3,21,946.6178561,1012.134882,0,
196,50873,906.3370852,1386,1,10,131,1,9,775.3835711,1057.425844,0,,885.1296258,1488,2,11,157,2,11,815.1277631,973.4026734,0,,958.1527984,2553,2,18,245,2,16,817.97018,1095.469359,0,,958.1527984,2553,2,18,245,2,16,817.97018,1095.469359,0,
197,50874,1061.818081,11538,8,80,1119,8,73,1025.664972,1114.658597,0,,1028.42862,10766,8,75,1092,8,71,987.9701018,1056.316538,0,,1079.011231,11887,9,83,1210,8,79,883.1542195,1154.188834,0,,1079.011231,11887,9,83,1210,8,79,883.1542195,1154.188834,0,
198,50875,1056.107752,11015,8,77,1061,7,69,991.0769143,1094.873642,0,,990.7704744,8090,6,56,820,6,54,922.0774194,1008.064465,0,,1101.432849,13192,10,92,1388,10,91,1006.715175,1153.360481,0,,1101.432849,13192,10,92,1388,10,91,1006.715175,1153.360481,0,
199,50879,1071.913381,12414,9,86,1259,9,82,1038.707358,1142.674744,0,,1000.678045,8812,7,61,894,6,58,967.6073198,1084.159998,0,,1104.362417,13304,10,92,1398,10,91,1054.554181,1161.696946,0,,1104.362417,13304,10,92,1398,10,91,1054.554181,1161.696946,0,
200,50881,1051.318303,10563,8,74,997,7,65,990.5003547,1158.238694,0,,972.1370535,6755,5,47,700,5,46,898.4684119,1109.629637,0,,1077.436987,11769,9,82,1180,8,77,1020.708657,1181.221604,0,,1077.436987,11769,9,82,1180,8,77,1020.708657,1181.221604,0,
201,50889,1082.130766,13101,10,91,1360,9,89,1082.130766,1082.130766,0,,990.1630898,8046,6,56,817,6,53,990.1630898,990.1630898,0,,1118.123912,13796,10,96,1472,10,96,1118.123912,1118.123912,0,,1118.123912,13796,10,96,1472,10,96,1118.123912,1118.123912,0,
202,50890,835.5757366,524,1,4,72,1,5,712.5354622,1060.823092,0.001022263,,864.2624624,887,1,7,105,1,7,803.4227476,1028.960683,0.001022263,,840.4730137,378,1,3,69,1,5,745.5633931,1034.045425,0.001022263,,840.4730137,378,1,3,69,1,5,745.5633931,1034.045425,0.001022263,
203,50893,1038.048713,9319,7,65,861,6,56,896.2515661,1101.652113,0,,1099.885498,13580,10,94,1445,10,94,1079.572494,1114.527697,0,,1026.096947,7275,6,51,636,5,42,923.9158519,1102.657419,0,,1026.096947,7275,6,51,636,5,42,923.9158519,1102.657419,0,
204,50896,941.5815648,2425,2,17,209,2,14,870.6102034,1020.396969,0,,909.3087001,2527,2,18,234,2,16,844.9571689,948.8403809,0,,1005.461972,5501,4,39,486,4,32,917.8705427,1134.388999,0,,1005.461972,5501,4,39,486,4,32,917.8705427,1134.388999,0,
205,50901,1043.428761,9804,7,68,901,6,59,1031.192493,1047.983944,0,,965.0675293,6226,5,43,642,5,42,885.5942084,994.652982,0,,1102.878366,13245,10,92,1393,10,91,1098.867895,1113.651412,0,,1102.878366,13245,10,92,1393,10,91,1098.867895,1113.651412,0,
206,50904,1063.949304,11749,9,82,1145,8,75,1052.748801,1090.484299,0,,981.8023282,7402,6,52,765,5,50,947.5663661,996.5473849,0,,1154.054111,14316,10,99,1528,10,100,1109.319298,1196.763819,0,,1154.054111,14316,10,99,1528,10,100,1109.319298,1196.763819,0,
207,50905,1107.17207,14081,10,98,1510,10,99,1081.551814,1129.193677,0,,1088.079314,13298,10,92,1415,10,92,1071.912955,1108.674041,0,,1116.742642,13742,10,95,1462,10,95,1097.552956,1144.871753,0,,1116.742642,13742,10,95,1462,10,95,1097.552956,1144.871753,0,
208,50911,1024.700156,8060,6,56,729,5,48,942.0034669,1066.633131,0,,967.6293986,6450,5,45,682,5,45,916.8008754,1002.123241,0,,1077.017325,11731,9,82,1178,8,77,976.4151854,1154.271378,0,,1077.017325,11731,9,82,1178,8,77,976.4151854,1154.271378,0,
209,50917,1017.540679,7469,6,52,681,5,45,870.2300354,1133.243493,0.000606107,,1079.111145,13077,10,91,1385,9,90,998.1447128,1136.209121,0.000606107,,934.0507813,1618,2,12,169,2,11,753.3388951,1159.322694,0.000606107,,934.0507813,1618,2,12,169,2,11,753.3388951,1159.322694,0.000606107,
210,50922,999.2260013,5933,5,42,512,4,34,893.8223773,1091.676439,0,,931.1449081,3808,3,27,365,3,24,841.3716761,976.8093806,0,,1037.674728,8390,6,58,738,5,48,887.7659302,1122.811127,0,,1037.674728,8390,6,58,738,5,48,887.7659302,1122.811127,0,
211,50925,859.4021722,668,1,5,82,1,6,779.8693059,908.111178,0,,863.2976013,868,1,6,101,1,7,788.6775937,882.2328355,0,,877.7167648,580,1,5,97,1,7,830.1000219,912.4072201,0,,877.7167648,580,1,5,97,1,7,830.1000219,912.4072201,0,
212,50932,1084.558498,13240,10,92,1372,9,90,1027.038168,1111.199489,0,,1082.070947,13162,10,91,1401,10,91,1044.44947,1118.1558,0,,1078.559903,11849,9,82,1207,8,79,967.712043,1146.17529,0,,1078.559903,11849,9,82,1207,8,79,967.712043,1146.17529,0,
213,50933,1053.540034,10771,8,75,1033,7,68,821.5303035,1137.79137,0,,1080.162794,13109,10,91,1393,10,91,896.8755698,1154.680433,0,,1048.172084,9303,7,65,869,6,57,805.2897513,1147.398588,0,,1048.172084,9303,7,65,869,6,57,805.2897513,1147.398588,0,
214,50939,924.3015137,1802,2,13,161,2,11,883.2459046,973.1668067,0.0712368,,867.757861,976,1,7,114,1,8,722.8964471,928.4215773,0.0712368,,974.4067554,3372,3,24,301,2,20,921.6496521,1034.25052,0,,974.4067554,3372,3,24,301,2,20,921.6496521,1034.25052,0,
215,50944,933.7186388,2139,2,15,190,2,13,881.1625137,1075.027571,0.00911641,,890.6999141,1690,2,12,172,2,12,820.5983899,1001.860699,0.00911641,,969.0207258,3114,3,22,283,2,19,927.6394916,1151.750373,0.00911641,,969.0207258,3114,3,22,283,2,19,927.6394916,1151.750373,0.00911641,
216,50947,878.9600908,905,1,7,99,1,7,848.8773412,944.3296061,0,,891.1786563,1727,2,12,177,2,12,855.2477993,946.5779013,0,,842.6090057,383,1,3,70,1,5,742.4133118,929.316806,0,,842.6090057,383,1,3,70,1,5,742.4133118,929.316806,0,
217,50948,927.5227855,1940,2,14,176,2,12,820.9972237,1010.229967,0,,903.320857,2262,2,16,213,2,14,838.2924776,939.9881109,0,,937.7629375,1778,2,13,178,2,12,806.9412326,1030.937098,0,,937.7629375,1778,2,13,178,2,12,806.9412326,1030.937098,0,
218,50953,1034.066995,8908,7,62,838,6,55,1034.066995,1034.066995,0,,1001.898073,8915,7,62,896,6,58,1001.898073,1001.898073,0,,1074.212437,11515,8,80,1162,8,76,1074.212437,1074.212437,0,,1074.212437,11515,8,80,1162,8,76,1074.212437,1074.212437,0,
219,50960,1084.213357,13222,10,92,1369,9,89,1004.092459,1130.637359,0,,1026.630219,10643,8,74,1086,8,71,973.4494935,1093.693398,0,,1136.678427,14134,10,98,1500,10,98,1045.744403,1193.203654,0,,1136.678427,14134,10,98,1500,10,98,1045.744403,1193.203654,0,
220,50970,830.9208075,484,1,4,66,1,5,740.1149742,908.9434268,0,,871.5890424,1063,1,8,122,1,8,822.5857034,958.9707296,0,,929.725872,1488,2,11,160,2,11,860.05357,970.9147214,0,,929.725872,1488,2,11,160,2,11,860.05357,970.9147214,0,
221,50998,992.7621951,5446,4,38,461,3,30,921.5301998,1051.344468,0,,974.889705,6950,5,48,718,5,47,924.8335932,1039.158105,0,,992.3843022,4542,4,32,414,3,27,902.5648968,1058.572814,0,,992.3843022,4542,4,32,414,3,27,902.5648968,1058.572814,0,
222,51000,1061.456514,11516,8,80,1115,8,73,964.2743626,1149.542488,0,,1135.270304,14108,10,98,1525,10,99,1037.442441,1222.258596,0,,1046.821274,9163,7,64,847,6,56,851.6582935,1207.368893,0,,1046.821274,9163,7,64,847,6,56,851.6582935,1207.368893,0,
223,51008,1094.775163,13723,10,95,1451,10,95,995.1729595,1145.963535,0,,1169.872276,14370,10,100,1538,10,100,1135.424852,1208.487601,0,,1102.33387,13231,10,92,1392,10,91,1001.769265,1199.156219,0,,1102.33387,13231,10,92,1392,10,91,1001.769265,1199.156219,0,
224,51015,1093.432038,13672,10,95,1439,10,94,1029.584245,1138.542703,0,,1133.66234,14091,10,98,1523,10,99,1083.205714,1167.384141,0,,1076.106744,11671,9,81,1175,8,77,959.9936631,1142.840428,0,,1076.106744,11671,9,81,1175,8,77,959.9936631,1142.840428,0,
225,51016,1032.820423,8801,7,61,825,6,54,1006.380929,1051.372067,0,,960.2931952,5873,5,41,595,4,39,932.8618639,1009.755745,0,,1087.095434,12483,9,87,1283,9,84,1044.419762,1132.834677,0,,1087.095434,12483,9,87,1283,9,84,1044.419762,1132.834677,0,
226,51021,1075.486004,12639,9,88,1289,9,84,946.5750871,1135.525878,0,,1123.426471,13972,10,97,1513,10,98,1050.475759,1164.305572,0,,1022.173278,6939,5,48,604,4,40,862.1388408,1153.421715,0,,1022.173278,6939,5,48,604,4,40,862.1388408,1153.421715,0,
227,51026,1030.563165,8645,6,60,811,6,53,961.6529567,1093.922961,0,,969.1976933,6544,5,46,685,5,45,937.6811158,1014.331413,0,,1050.967542,9551,7,67,891,6,58,1002.047061,1139.470661,0,,1050.967542,9551,7,67,891,6,58,1002.047061,1139.470661,0,
228,51030,1102.838389,13975,10,97,1489,10,97,1066.80146,1132.659549,0,,1115.932356,13877,10,96,1494,10,97,1092.120907,1149.620206,0,,1087.650462,12518,9,87,1287,9,84,947.7055349,1160.495267,0,,1087.650462,12518,9,87,1287,9,84,947.7055349,1160.495267,0,
229,51031,1017.835165,7490,6,52,688,5,45,959.7332003,1070.581313,0,,937.3030501,4254,3,30,414,3,27,852.7217942,962.3504837,0,,1030.465722,7750,6,54,668,5,44,936.9557499,1124.476472,0,,1030.465722,7750,6,54,668,5,44,936.9557499,1124.476472,0,
230,51047,1094.41367,13706,10,95,1449,10,95,1031.138315,1118.337556,0,,1050.847466,11947,9,83,1225,8,80,961.3325094,1111.153611,0,,1119.607621,13829,10,96,1476,10,96,1037.067809,1148.13347,0,,1119.607621,13829,10,96,1476,10,96,1037.067809,1148.13347,0,
231,51055,1044.281189,9876,7,69,910,6,60,972.2633086,1142.674744,0.003761756,,1005.402782,9160,7,64,917,6,60,957.2975861,1084.159998,0.003761756,,1055.221786,9925,7,69,934,7,61,930.6247433,1152.817641,0.003761756,,1055.221786,9925,7,69,934,7,61,930.6247433,1152.817641,0.003761756,
232,51056,974.0590698,4056,3,29,310,3,21,932.1232765,1031.192493,0,,855.6740989,695,1,5,81,1,6,803.9222791,885.5942084,0,,1049.239271,9397,7,65,879,6,58,1012.967014,1113.651412,0,,1049.239271,9397,7,65,879,6,58,1012.967014,1113.651412,0,
233,51060,1052.252101,10635,8,74,1010,7,66,973.8708844,1103.238293,0,,939.2480035,4383,4,31,426,3,28,868.7641629,985.0970326,0,,1074.287282,11528,8,80,1164,8,76,1055.176315,1086.718774,0,,1074.287282,11528,8,80,1164,8,76,1055.176315,1086.718774,0,
234,51064,1018.898431,7593,6,53,693,5,46,951.1202148,1074.104254,0,,1015.203739,9885,7,69,1003,7,65,902.464349,1106.836948,0,,1003.962264,5408,4,38,473,4,31,925.3742278,1082.23156,0,,1003.962264,5408,4,38,473,4,31,925.3742278,1082.23156,0,
235,51069,1051.36311,10564,8,74,998,7,65,1005.068206,1085.512854,0,,1054.432627,12153,9,84,1244,9,81,1035.399825,1066.395729,0,,1027.328137,7386,6,52,648,5,43,944.1662202,1067.026417,0,,1027.328137,7386,6,52,648,5,43,944.1662202,1067.026417,0,
236,51098,1108.413231,14122,10,98,1512,10,99,1025.655578,1155.983183,0,,1180.228091,14413,10,100,1543,10,100,1122.474203,1226.507065,0,,1080.567508,12011,9,84,1229,8,80,939.9422018,1174.304336,0,,1080.567508,12011,9,84,1229,8,80,939.9422018,1174.304336,0,
237,51101,1078.57575,12842,9,89,1315,9,86,1078.57575,1078.57575,0.151785714,,1026.909288,10658,8,74,1087,8,71,1026.909288,1026.909288,0.151785714,,1157.949988,14343,10,100,1530,10,100,1157.949988,1157.949988,0.151785714,,1157.949988,14343,10,100,1530,10,100,1157.949988,1157.949988,0.151785714,
238,51122,960.4487665,3222,3,23,261,2,17,893.4578765,1035.04432,0,,997.6733663,8597,6,60,880,6,57,942.1766658,1048.692355,0,,921.5894406,1278,1,9,147,1,10,874.5549156,1001.521587,0,,921.5894406,1278,1,9,147,1,10,874.5549156,1001.521587,0,
239,51124,1027.111348,8314,6,58,764,5,50,996.1530185,1070.872765,0,,994.2061046,8355,6,58,849,6,55,933.6715328,1040.363719,0,,1044.449698,8977,7,63,826,6,54,1016.579873,1110.176552,0,,1044.449698,8977,7,63,826,6,54,1016.579873,1110.176552,0,
240,51130,1066.133997,11927,9,83,1173,8,77,915.1087874,1106.494415,0,,1092.864963,13417,10,93,1431,10,93,1030.146094,1127.948185,0,,1037.594545,8381,6,58,737,5,48,852.0444245,1098.27528,0,,1037.594545,8381,6,58,737,5,48,852.0444245,1098.27528,0,
241,51135,1099.600488,13885,10,97,1473,10,96,1041.440308,1124.378146,0,,1082.651098,13178,10,91,1402,10,91,1032.921786,1122.60612,0,,1098.502555,13063,10,91,1358,9,89,971.0981606,1215.028877,0,,1098.502555,13063,10,91,1358,9,89,971.0981606,1215.028877,0,
242,51138,1071.076771,12354,9,86,1251,9,82,960.3283833,1106.280811,0,,1155.947712,14292,10,99,1532,10,100,1070.793657,1188.169061,0,,1018.950278,6669,5,47,558,4,37,864.6024965,1096.612789,0,,1018.950278,6669,5,47,558,4,37,864.6024965,1096.612789,0,
243,51144,1081.333313,13062,10,91,1357,9,89,1057.90319,1098.089169,0,,1069.923957,12749,9,88,1336,9,87,1049.455984,1082.408655,0,,1096.682172,12982,9,90,1346,9,88,1057.597037,1127.987135,0,,1096.682172,12982,9,90,1346,9,88,1057.597037,1127.987135,0,
244,51147,1067.561908,12062,9,84,1205,8,79,969.5997822,1107.766624,0,,1117.518206,13907,10,96,1502,10,98,1077.879677,1154.867103,0,,1025.27266,7188,5,50,630,5,41,827.1487905,1100.605047,0,,1025.27266,7188,5,50,630,5,41,827.1487905,1100.605047,0,
245,51159,1034.939472,9000,7,63,841,6,55,1001.213529,1086.148828,0,,1097.45847,13527,10,94,1442,10,94,1066.23151,1137.25581,0,,891.8739615,744,1,6,106,1,7,866.7211499,942.6538827,0,,891.8739615,744,1,6,106,1,7,866.7211499,942.6538827,0,
246,51162,1010.586243,6864,5,48,612,4,40,1010.586243,1010.586243,0,,975.1634112,6959,5,49,720,5,47,975.1634112,975.1634112,0,,1103.301421,13259,10,92,1395,10,91,1103.301421,1103.301421,0,,1103.301421,13259,10,92,1395,10,91,1103.301421,1103.301421,0,
247,51172,1018.682722,7559,6,53,691,5,45,1011.389992,1022.756592,0,,1045.792197,11682,9,81,1191,8,78,1045.126501,1046.164068,0,,968.7392622,3103,3,22,281,2,19,964.8072668,975.7780194,0,,968.7392622,3103,3,22,281,2,19,964.8072668,975.7780194,0,
248,51174,1059.225885,11322,8,79,1102,8,72,1015.453747,1072.527317,0,,963.2144047,6074,5,42,626,5,41,925.585258,987.767155,0,,1156.711665,14336,10,100,1529,10,100,1072.121682,1185.499118,0,,1156.711665,14336,10,100,1529,10,100,1072.121682,1185.499118,0,
249,51176,1085.554456,13294,10,92,1381,9,90,1043.505454,1131.414594,0,,1040.198129,11375,8,79,1151,8,75,992.1208313,1087.260379,0,,1125.210403,13950,10,97,1490,10,97,1058.990638,1190.681471,0,,1125.210403,13950,10,97,1490,10,97,1058.990638,1190.681471,0,
250,51179,1020.840368,7760,6,54,707,5,46,1020.840368,1020.840368,0,,935.6135818,4141,3,29,391,3,26,935.6135818,935.6135818,0,,1065.202149,10727,8,75,1055,7,69,1065.202149,1065.202149,0,,1065.202149,10727,8,75,1055,7,69,1065.202149,1065.202149,0,
251,51185,963.0308073,3385,3,24,272,2,18,898.7928676,1042.781315,0,,921.3809677,3225,3,23,320,3,21,880.5573445,972.0629272,0,,1000.734961,5196,4,36,458,3,30,908.3253941,1115.46015,0,,1000.734961,5196,4,36,458,3,30,908.3253941,1115.46015,0,
252,51189,876.0519801,864,1,6,96,1,7,781.4401289,976.539935,0,,847.0665321,540,1,4,62,1,5,806.3657523,892.3589676,0,,923.5269653,1321,1,10,150,1,10,810.7220164,1073.691959,0,,923.5269653,1321,1,10,150,1,10,810.7220164,1073.691959,0,
253,51190,992.7712346,5447,4,38,462,4,31,944.7477713,1086.787491,0.002240645,,1014.66407,9830,7,68,1001,7,65,876.4555595,1092.128266,0.002240645,,916.5454164,1156,1,8,131,1,9,840.672827,1033.598102,0.002240645,,916.5454164,1156,1,8,131,1,9,840.672827,1033.598102,0.002240645,
254,51192,1063.771269,11727,9,82,1141,8,75,1006.694262,1093.911464,0,,1029.971313,10863,8,75,1099,8,72,985.705148,1071.174361,0,,1064.39087,10652,8,74,1040,7,68,1017.028137,1143.210328,0,,1064.39087,10652,8,74,1040,7,68,1017.028137,1143.210328,0,
255,51197,1040.666983,9574,7,67,882,6,58,859.4898621,1117.849913,0,,1072.07167,12866,9,89,1355,9,88,1020.098212,1107.650566,0,,993.4409878,4619,4,32,420,3,28,811.042388,1058.731987,0,,993.4409878,4619,4,32,420,3,28,811.042388,1058.731987,0,
256,51205,1074.027301,12575,9,87,1282,9,84,1055.201824,1099.755107,0,,1012.370041,9677,7,67,964,7,63,975.4880862,1042.175326,0,,1122.495097,13890,10,97,1485,10,97,1074.717505,1169.018634,0,,1122.495097,13890,10,97,1485,10,97,1074.717505,1169.018634,0,
257,51208,1026.785104,8279,6,58,756,5,50,1026.785104,1026.785104,0,,929.902106,3720,3,26,357,3,24,929.902106,929.902106,0,,1103.27448,13258,10,92,1394,10,91,1103.27448,1103.27448,0,,1103.27448,13258,10,92,1394,10,91,1103.27448,1103.27448,0,
258,51209,1013.80463,7102,5,50,629,5,41,943.5166653,1051.441444,0,,984.6817865,7605,6,53,785,6,51,930.0786189,1041.993434,0,,1018.46414,6639,5,46,553,4,36,912.2778619,1091.824111,0,,1018.46414,6639,5,46,553,4,36,912.2778619,1091.824111,0,
259,51210,894.52239,1155,1,8,115,1,8,833.9279891,977.5826542,0,,853.9705039,667,1,5,77,1,5,812.3455556,919.0242364,0,,940.9444105,1899,2,14,186,2,13,867.4922189,1028.337313,0,,940.9444105,1899,2,14,186,2,13,867.4922189,1028.337313,0,
260,51213,1058.736134,11267,8,78,1098,8,72,1058.736134,1058.736134,0,Y,1051.042873,11952,9,83,1227,8,80,1051.042873,1051.042873,0,Y,1097.671485,13021,10,91,1350,9,88,1097.671485,1097.671485,0,Y,1097.671485,13021,10,91,1350,9,88,1097.671485,1097.671485,0,Y
261,51219,1053.813498,10788,8,75,1034,7,68,1007.044885,1099.302151,0,,991.2452086,8117,6,56,825,6,54,947.1439583,1074.991746,0,,1067.186081,10890,8,76,1083,8,71,977.7910198,1127.104943,0,,1067.186081,10890,8,76,1083,8,71,977.7910198,1127.104943,0,
262,51225,1111.14654,14179,10,99,1519,10,99,1096.239421,1130.575272,0,,1160.805908,14321,10,99,1533,10,100,1108.00064,1192.2043,0,,1119.891408,13838,10,96,1478,10,96,1054.334308,1171.0699,0,,1119.891408,13838,10,96,1478,10,96,1054.334308,1171.0699,0,
263,51230,1040.33286,9557,7,67,879,6,58,985.3735016,1102.487623,0.000292612,,1123.898715,13982,10,97,1514,10,98,1080.408449,1192.781761,0.000292612,,904.2401125,923,1,7,115,1,8,749.0992561,995.9267397,0.000292612,,904.2401125,923,1,7,115,1,8,749.0992561,995.9267397,0.000292612,
264,51234,1087.644782,13396,10,93,1388,10,91,1004.062033,1130.563778,0.000798456,,1052.888871,12071,9,84,1243,9,81,988.2396806,1104.648508,0.000798456,,1112.50926,13617,10,95,1451,10,95,986.780718,1173.73412,0.000798456,,1112.50926,13617,10,95,1451,10,95,986.780718,1173.73412,0.000798456,
265,51237,1037.858455,9306,7,65,860,6,56,1025.665316,1051.244401,0,,990.642068,8077,6,56,819,6,54,986.2373955,995.4776324,0,,1052.083632,9648,7,67,907,6,59,1033.211294,1072.802178,0,,1052.083632,9648,7,67,907,6,59,1033.211294,1072.802178,0,
266,51240,1058.736134,11268,8,78,1099,8,72,1058.736134,1058.736134,0,,1051.042873,11953,9,83,1228,8,80,1051.042873,1051.042873,0,,1097.671485,13022,10,91,1351,9,88,1097.671485,1097.671485,0,,1097.671485,13022,10,91,1351,9,88,1097.671485,1097.671485,0,
267,51246,1041.131928,9611,7,67,885,6,58,1041.131928,1041.131928,0,,961.9389305,5972,5,42,609,4,40,961.9389305,961.9389305,0,,1016.615933,6489,5,45,541,4,36,1016.615933,1016.615933,0,,1016.615933,6489,5,45,541,4,36,1016.615933,1016.615933,0,
268,51260,981.337002,4535,4,32,363,3,24,894.3710888,1070.939284,0,,906.1291485,2375,2,17,219,2,15,836.0954261,1022.186592,0,,1043.710008,8916,7,62,817,6,54,958.0987151,1135.161107,0,,1043.710008,8916,7,62,817,6,54,958.0987151,1135.161107,0,
269,51271,974.0638238,4059,3,29,311,3,21,910.9996329,1017.282663,0,,990.9320468,8096,6,56,822,6,54,933.8515652,1041.544796,0,,964.6165576,2891,2,20,261,2,17,873.22299,1040.356607,0,,964.6165576,2891,2,20,261,2,17,873.22299,1040.356607,0,
270,51278,1029.707393,8574,6,60,801,6,53,861.4203322,1095.738017,0,,981.15873,7345,6,51,760,5,50,909.3935897,1044.323224,0,,1071.708524,11261,8,78,1121,8,73,918.6272508,1170.650155,0,,1071.708524,11261,8,78,1121,8,73,918.6272508,1170.650155,0,
271,51285,1089.899637,13497,10,94,1410,10,92,1089.899637,1089.899637,0,Y,1018.13477,10090,7,70,1035,7,67,1018.13477,1018.13477,0,Y,1201.568647,14461,10,100,1539,10,100,1201.568647,1201.568647,0,Y,1201.568647,14461,10,100,1539,10,100,1201.568647,1201.568647,0,Y
272,51287,950.9904601,2794,2,20,227,2,15,820.0141427,1027.884427,0,,958.4998256,5736,4,40,582,4,38,887.1063712,1006.556344,0,,946.6695605,2099,2,15,199,2,13,813.6060868,1058.676386,0,,946.6695605,2099,2,15,199,2,13,813.6060868,1058.676386,0,
273,51296,982.3212974,4600,4,32,372,3,25,874.6248018,1032.079245,0,,936.9365099,4237,3,30,413,3,27,902.085457,975.0557076,0,,1024.241634,7087,5,49,611,4,40,880.6358629,1095.264385,0,,1024.241634,7087,5,49,611,4,40,880.6358629,1095.264385,0,
274,51298,1052.779716,10699,8,74,1020,7,67,1030.549666,1071.899424,0,,1063.414542,12471,9,87,1289,9,84,1012.207758,1089.139691,0,,1036.340055,8264,6,58,732,5,48,989.2988694,1080.650666,0,,1036.340055,8264,6,58,732,5,48,989.2988694,1080.650666,0,
275,51299,1002.980099,6205,5,43,547,4,36,799.1406021,1126.219071,0,,1034.529375,11146,8,77,1132,8,74,941.5980467,1095.347094,0,,937.1855978,1756,2,13,176,2,12,707.8154823,1096.986092,0,,937.1855978,1756,2,13,176,2,12,707.8154823,1096.986092,0,
276,51301,937.2167725,2300,2,16,202,2,14,749.1127511,1050.020166,0.00039185,,899.7937043,2074,2,15,202,2,14,725.5129836,1018.325647,0.00039185,,938.4657191,1797,2,13,180,2,12,722.5214968,1082.673297,0.00039185,,938.4657191,1797,2,13,180,2,12,722.5214968,1082.673297,0.00039185,
277,51308,1067.985439,12106,9,84,1209,8,79,1021.157284,1122.236831,0,,1006.640355,9259,7,64,922,6,60,946.8969172,1079.127205,0,,1104.915955,13323,10,93,1400,10,91,1039.957903,1178.289459,0,,1104.915955,13323,10,93,1400,10,91,1039.957903,1178.289459,0,
278,51312,1087.301968,13358,10,93,1387,10,91,983.6315771,1128.008148,0,,1115.504807,13870,10,96,1492,10,97,1020.306647,1148.011847,0,,1081.795288,12092,9,84,1236,9,81,975.5217117,1120.320115,0,,1081.795288,12092,9,84,1236,9,81,975.5217117,1120.320115,0,
279,51314,997.422107,5811,5,41,495,4,33,997.422107,997.422107,0,,979.2655468,7235,5,50,736,5,48,979.2655468,979.2655468,0,,778.3001396,239,1,2,54,1,4,778.3001396,778.3001396,0,,778.3001396,239,1,2,54,1,4,778.3001396,778.3001396,0,
280,51319,996.5741465,5739,4,40,493,4,33,951.4863184,1039.961699,0,,938.3483441,4317,3,30,417,3,27,894.7320898,1013.808267,0,,1009.995148,5886,5,41,516,4,34,943.2401146,1072.32033,0,,1009.995148,5886,5,41,516,4,34,943.2401146,1072.32033,0,
281,51321,1102.792886,13973,10,97,1488,10,97,1068.158261,1144.735921,0.085478888,,1125.804623,14016,10,97,1515,10,99,1100.862899,1178.704373,0.085478888,,1106.115188,13376,10,93,1418,10,93,1047.554471,1171.178961,0.085478888,,1106.115188,13376,10,93,1418,10,93,1047.554471,1171.178961,0.085478888,
282,51322,1039.312363,9422,7,66,870,6,57,999.23944,1053.555644,0,,996.7777527,8524,6,59,871,6,57,949.9675702,1051.080154,0,,1048.446884,9343,7,65,873,6,57,988.5923313,1084.022407,0,,1048.446884,9343,7,65,873,6,57,988.5923313,1084.022407,0,
283,51323,1036.369189,9159,7,64,848,6,56,1008.06354,1060.565125,0,,986.6140482,7783,6,54,800,6,52,974.8894995,996.6363031,0,,1059.511411,10288,8,72,977,7,64,1031.394785,1083.545769,0,,1059.511411,10288,8,72,977,7,64,1031.394785,1083.545769,0,
284,51328,1035.660848,9080,7,63,844,6,55,1009.984993,1051.17357,0.00999001,,980.8543318,7331,6,51,759,5,50,942.7536267,1004.832041,0.00999001,,1078.744726,11856,9,82,1208,8,79,1054.346045,1094.099415,0.00999001,,1078.744726,11856,9,82,1208,8,79,1054.346045,1094.099415,0.00999001,
285,51330,1072.19429,12422,9,86,1261,9,82,1016.378969,1132.113062,0,,1096.682826,13509,10,94,1441,10,94,1044.057095,1143.689399,0,,1005.500067,5503,4,39,487,4,32,946.5696286,1132.912865,0,,1005.500067,5503,4,39,487,4,32,946.5696286,1132.912865,0,
286,51337,1051.291259,10562,8,74,996,7,65,913.6897846,1130.992527,0,,980.7492739,7319,6,51,750,5,49,868.6625202,1060.644453,0,,1105.27453,13339,10,93,1406,10,92,983.9920531,1213.7779,0,,1105.27453,13339,10,93,1406,10,92,983.9920531,1213.7779,0,
287,51339,1028.413194,8420,6,59,781,6,51,976.8519158,1115.155116,0,,931.3860057,3842,3,27,367,3,24,906.2668524,942.0451263,0,,1092.085145,12770,9,89,1319,9,86,1011.93942,1273.416995,0,,1092.085145,12770,9,89,1319,9,86,1011.93942,1273.416995,0,
288,51340,961.6355914,3295,3,23,269,2,18,895.0779192,1047.350288,0,,895.6882039,1905,2,14,187,2,13,790.8053908,963.0281547,0,,1019.285703,6696,5,47,560,4,37,961.2829818,1079.722472,0,,1019.285703,6696,5,47,560,4,37,961.2829818,1079.722472,0,
289,51345,1080.726163,12999,9,90,1337,9,87,1030.426202,1129.535913,0,,1101.081741,13601,10,94,1446,10,94,1059.598317,1152.010537,0,,1065.350902,10748,8,75,1056,7,69,976.7774718,1119.45876,0,,1065.350902,10748,8,75,1056,7,69,976.7774718,1119.45876,0,
290,51346,1079.488659,12924,9,90,1327,9,87,976.3799722,1124.949338,0.016817594,,1178.849463,14408,10,100,1542,10,100,1131.77577,1210.809862,0.016817594,,1031.235343,7789,6,54,672,5,44,893.6410301,1106.487543,0.016817594,,1031.235343,7789,6,54,672,5,44,893.6410301,1106.487543,0.016817594,
291,51348,964.2597291,3456,3,24,278,2,19,834.3185524,1036.919279,0,,952.4759472,5321,4,37,542,4,36,874.1043182,1029.219953,0,,948.6573645,2159,2,15,204,2,14,825.6864717,1047.651962,0,,948.6573645,2159,2,15,204,2,14,825.6864717,1047.651962,0,
292,51351,998.7665152,5897,5,41,505,4,33,966.5332759,1015.670329,0,,944.5565724,4744,4,33,469,4,31,902.2258333,970.7312447,0,,1007.608899,5708,4,40,498,4,33,965.7825345,1032.089099,0,,1007.608899,5708,4,40,498,4,33,965.7825345,1032.089099,0,
293,51352,1039.790219,9479,7,66,872,6,57,989.243287,1100.077246,0,,981.7741057,7397,6,52,764,5,50,932.8206574,1020.241685,0,,1075.648064,11637,9,81,1173,8,77,1002.0135,1133.804964,0,,1075.648064,11637,9,81,1173,8,77,1002.0135,1133.804964,0,
294,51354,1037.615286,9288,7,65,858,6,56,1022.544634,1051.202201,0,,970.8423242,6637,5,46,697,5,46,941.0401148,985.4758937,0,,1080.505454,12009,9,84,1228,8,80,1054.530826,1106.171385,0,,1080.505454,12009,9,84,1228,8,80,1054.530826,1106.171385,0,
295,51360,1102.534294,13967,10,97,1487,10,97,1006.521283,1144.422972,0,,1087.458784,13282,10,92,1414,10,92,1043.194023,1110.576152,0,,1119.854474,13837,10,96,1477,10,96,950.8869711,1180.78238,0,,1119.854474,13837,10,96,1477,10,96,950.8869711,1180.78238,0,
296,51368,1048.117921,10215,8,71,944,7,62,983.6066261,1090.040419,0,,1112.574241,13825,10,96,1490,10,97,1058.584497,1164.420572,0,,1004.794314,5452,4,38,480,4,32,902.7286839,1053.216009,0,,1004.794314,5452,4,38,480,4,32,902.7286839,1053.216009,0,
297,51371,1061.045806,11495,8,80,1112,8,73,1010.455524,1111.363093,0.001322402,,1011.095353,9567,7,66,951,7,62,960.7779538,1068.410458,0.001322402,,1080.260242,11995,9,83,1224,8,80,1007.690511,1137.408317,0.001322402,,1080.260242,11995,9,83,1224,8,80,1007.690511,1137.408317,0.001322402,
298,51377,973.81564,4041,3,28,309,3,21,876.6849121,1056.669507,0,,934.8749715,4096,3,29,389,3,26,887.5525746,983.3940543,0,,1005.453542,5500,4,39,485,4,32,894.3504712,1081.403562,0,,1005.453542,5500,4,39,485,4,32,894.3504712,1081.403562,0,
299,51381,1077.475447,12785,9,89,1308,9,85,1007.313385,1117.683949,0,,1129.827878,14058,10,97,1521,10,99,1067.149941,1173.757548,0,,1006.262289,5588,4,39,490,4,32,904.5003569,1096.210545,0,,1006.262289,5588,4,39,490,4,32,904.5003569,1096.210545,0,
300,51394,1058.148278,11213,8,78,1090,8,71,1000.817472,1080.801707,0.000778089,,1023.147592,10436,8,72,1071,7,70,921.871066,1063.385779,0.000778089,,1101.261212,13185,10,92,1387,10,91,969.0272918,1141.18824,0.000778089,,1101.261212,13185,10,92,1387,10,91,969.0272918,1141.18824,0.000778089,
301,51396,991.3898563,5295,4,37,450,3,30,848.3716524,1062.667558,0,,955.9054518,5539,4,39,570,4,37,854.6729577,1005.3105,0,,986.899671,4188,3,29,376,3,25,812.6483636,1079.844178,0,,986.899671,4188,3,29,376,3,25,812.6483636,1079.844178,0,
302,51402,1006.9815,6538,5,46,576,4,38,963.9926519,1060.793388,0,,1052.219662,12033,9,84,1230,8,80,1006.522074,1089.416021,0,,939.1948073,1822,2,13,181,2,12,870.2310895,1012.776908,0,,939.1948073,1822,2,13,181,2,12,870.2310895,1012.776908,0,
303,51405,1068.000638,12107,9,84,1210,8,79,996.4888536,1124.241439,0,,1047.60697,11780,9,82,1211,8,79,954.301227,1122.149727,0,,1097.330385,13012,9,90,1348,9,88,967.3424071,1176.753337,0,,1097.330385,13012,9,90,1348,9,88,967.3424071,1176.753337,0,
304,51408,1059.053183,11294,8,79,1101,8,72,1015.866544,1083.758476,0,,984.623406,7597,6,53,784,6,51,924.1917269,1009.315496,0,,1101.125265,13181,10,92,1386,10,91,1058.66173,1172.720064,0,,1101.125265,13181,10,92,1386,10,91,1058.66173,1172.720064,0,
305,51413,907.4527401,1409,1,10,133,1,9,847.2745572,935.3019837,0,,861.5501444,807,1,6,98,1,7,825.8165845,884.7134481,0,,947.7077218,2134,2,15,203,2,14,885.452412,995.5236461,0,,947.7077218,2134,2,15,203,2,14,885.452412,995.5236461,0,
306,51416,1082.656469,13151,10,91,1364,9,89,853.0005321,1138.762747,0,,1168.528153,14361,10,100,1537,10,100,1073.075841,1222.459256,0,,1002.515133,5326,4,37,467,4,31,737.5046776,1149.914951,0,,1002.515133,5326,4,37,467,4,31,737.5046776,1149.914951,0,
307,51417,1047.886695,10200,8,71,943,7,62,939.7651849,1103.238293,0.018342152,,1015.823183,9927,7,69,1017,7,66,929.1879632,1068.668631,0.018342152,,1056.370962,10005,7,70,952,7,62,826.7038613,1149.158386,0.018342152,,1056.370962,10005,7,70,952,7,62,826.7038613,1149.158386,0.018342152,
308,51420,965.3074458,3508,3,25,280,2,19,671.1465877,1060.906337,0,,914.605067,2847,2,20,272,2,18,842.3449972,1046.406752,0,,999.1508033,5083,4,36,444,3,29,743.6438649,1102.574638,0,,999.1508033,5083,4,36,444,3,29,743.6438649,1102.574638,0,
309,51421,1118.316776,14311,10,99,1529,10,100,1086.826342,1151.584602,0,,1173.084827,14384,10,100,1539,10,100,1104.390271,1208.795159,0,,1110.183976,13534,10,94,1442,10,94,1058.119098,1160.397369,0,,1110.183976,13534,10,94,1442,10,94,1058.119098,1160.397369,0,
310,51435,1061.236153,11503,8,80,1113,8,73,926.2890913,1121.221757,0,,994.4983957,8375,6,58,851,6,56,824.3566112,1034.88039,0,,1105.836247,13364,10,93,1415,10,92,915.8383596,1166.236578,0,,1105.836247,13364,10,93,1415,10,92,915.8383596,1166.236578,0,
311,51443,1090.453458,13523,10,94,1412,10,92,1090.453458,1090.453458,0,,760.0569416,39,1,1,3,1,1,760.0569416,760.0569416,0,,1120.801047,13857,10,96,1479,10,97,1120.801047,1120.801047,0,,1120.801047,13857,10,96,1479,10,97,1120.801047,1120.801047,0,
312,51446,1076.849541,12720,9,88,1300,9,85,991.024998,1106.632142,0,,1001.591856,8887,7,62,895,6,58,950.8620037,1041.701488,0,,1137.661399,14153,10,98,1501,10,98,1013.665115,1190.333194,0,,1137.661399,14153,10,98,1501,10,98,1013.665115,1190.333194,0,
313,51448,976.8067821,4201,3,30,328,3,22,866.0971507,1052.904315,0,,940.2715769,4431,4,31,433,3,29,865.7737446,1009.131806,0,,1008.324028,5754,4,40,508,4,33,881.240805,1110.581225,0,,1008.324028,5754,4,40,508,4,33,881.240805,1110.581225,0,
314,51467,1104.948852,14040,10,98,1506,10,98,1058.926458,1146.382173,0,,1069.246612,12725,9,88,1334,9,87,994.773601,1108.792581,0,,1104.914189,13322,10,93,1399,10,91,1047.747278,1190.963325,0,,1104.914189,13322,10,93,1399,10,91,1047.747278,1190.963325,0,
315,51470,1118.66148,14315,10,99,1530,10,100,1106.437683,1145.814159,0,,1119.5227,13938,10,97,1504,10,98,1096.661834,1183.458391,0,,1128.255633,13998,10,97,1496,10,98,1087.077333,1182.207447,0,,1128.255633,13998,10,97,1496,10,98,1087.077333,1182.207447,0,
316,51472,1012.735101,7037,5,49,625,5,41,952.8994325,1095.530944,0,,1036.219143,11216,8,78,1142,8,74,981.4360022,1095.993251,0,,937.9147918,1781,2,13,179,2,12,868.4951181,1077.0698,0,,937.9147918,1781,2,13,179,2,12,868.4951181,1077.0698,0,
317,51475,986.3688376,4897,4,34,398,3,26,869.754602,1076.846693,0,,917.7247316,3026,3,21,303,2,20,863.8406679,990.6243069,0,,1038.761955,8492,6,59,771,6,51,900.7965693,1164.876824,0,,1038.761955,8492,6,59,771,6,51,900.7965693,1164.876824,0,
318,51482,1004.845739,6375,5,45,569,4,37,975.690984,1067.296549,0,,941.7703932,4526,4,32,445,3,29,904.3193643,1021.992199,0,,1053.489921,9784,7,68,922,6,60,1039.620493,1083.198865,0,,1053.489921,9784,7,68,922,6,60,1039.620493,1083.198865,0,
319,51490,1043.468325,9805,7,68,902,6,59,957.8001257,1105.413343,0,,1090.555932,13353,10,93,1422,10,93,1039.171311,1151.963223,0,,945.4855892,2047,2,15,196,2,13,814.5263808,1041.31978,0,,945.4855892,2047,2,15,196,2,13,814.5263808,1041.31978,0,
320,51494,1018.887709,7591,6,53,692,5,45,999.1868718,1045.215518,0,,984.7556431,7612,6,53,786,6,51,965.9952851,1009.826615,0,,1014.42952,6300,5,44,533,4,35,987.0342722,1051.039988,0,,1014.42952,6300,5,44,533,4,35,987.0342722,1051.039988,0,
321,51502,970.2135039,3805,3,27,296,2,20,815.977467,1064.209622,0,,912.6269547,2737,2,19,256,2,17,778.5146412,1032.696079,0,,1011.425599,6045,5,42,519,4,34,890.5057539,1088.665951,0,,1011.425599,6045,5,42,519,4,34,890.5057539,1088.665951,0,
322,51508,1066.03313,11920,9,83,1172,8,77,1047.971051,1085.273853,0,,983.1490146,7499,6,52,778,6,51,953.5606484,1004.007191,0,,1074.397735,11537,8,80,1168,8,76,1035.586949,1129.839553,0,,1074.397735,11537,8,80,1168,8,76,1035.586949,1129.839553,0,
323,51519,1079.698508,12940,9,90,1328,9,87,1065.859917,1102.872345,0,,1028.765729,10780,8,75,1094,8,71,965.37215,1057.807535,0,,1092.18963,12774,9,89,1321,9,86,1044.876981,1167.308965,0,,1092.18963,12774,9,89,1321,9,86,1044.876981,1167.308965,0,
324,51525,1003.171248,6228,5,44,555,4,37,942.8005035,1042.258443,0,,937.9331167,4297,3,30,416,3,27,866.1931304,996.0299044,0,,1043.186431,8861,7,62,808,6,53,994.6697855,1070.43498,0,,1043.186431,8861,7,62,808,6,53,994.6697855,1070.43498,0,
325,51526,988.6100108,5084,4,36,420,3,28,814.558272,1089.723564,0,,946.5606555,4894,4,34,493,4,32,836.32828,1045.022009,0,,1019.964117,6742,5,47,570,4,38,840.1384861,1137.33916,0,,1019.964117,6742,5,47,570,4,38,840.1384861,1137.33916,0,
326,51534,945.2602164,2568,2,18,217,2,15,807.2699203,1086.504704,0.00027706,,890.1853313,1666,2,12,168,2,11,810.3859021,1052.743923,0.00027706,,990.8286545,4428,4,31,409,3,27,845.6383391,1149.21941,0.00027706,,990.8286545,4428,4,31,409,3,27,845.6383391,1149.21941,0.00027706,
327,51541,1046.821289,10119,7,70,938,7,61,1002.945694,1096.914775,0,,1023.255856,10438,8,73,1072,7,70,993.1639398,1052.0967,0,,1036.241261,8259,6,58,731,5,48,967.971424,1118.739446,0,,1036.241261,8259,6,58,731,5,48,967.971424,1118.739446,0,
328,51544,1075.578391,12642,9,88,1290,9,84,1032.38635,1112.208489,0,,1115.718999,13874,10,96,1493,10,97,1053.887457,1141.227467,0,,1094.191255,12887,9,90,1329,9,87,1055.282132,1137.253214,0,,1094.191255,12887,9,90,1329,9,87,1055.282132,1137.253214,0,
329,51546,1107.950511,14104,10,98,1511,10,99,1077.94618,1135.415259,0,,1108.285474,13743,10,95,1474,10,96,1088.222708,1123.105137,0,,1087.932614,12535,9,87,1290,9,84,1023.248155,1136.478565,0,,1087.932614,12535,9,87,1290,9,84,1023.248155,1136.478565,0,
330,51549,1055.384175,10961,8,76,1053,7,69,995.0251748,1086.760772,0,,1012.318696,9674,7,67,963,7,63,947.8667842,1072.174078,0,,1092.562399,12790,9,89,1322,9,86,1017.640002,1124.086829,0,,1092.562399,12790,9,89,1322,9,86,1017.640002,1124.086829,0,
331,51550,983.0255187,4633,4,33,375,3,25,973.8708844,1005.710612,0,,885.7493318,1507,2,11,160,2,11,868.7641629,927.8384129,0,,1044.587513,8994,7,63,827,6,54,1018.348566,1055.176315,0,,1044.587513,8994,7,63,827,6,54,1018.348566,1055.176315,0,
332,51558,1031.844002,8734,7,61,820,6,54,909.6299453,1088.794135,0,,979.2705413,7236,5,50,737,5,48,911.1836933,1032.65378,0,,1052.379261,9683,7,67,908,6,59,789.870124,1139.106177,0,,1052.379261,9683,7,67,908,6,59,789.870124,1139.106177,0,
333,51564,1070.953237,12346,9,86,1246,9,81,866.3159443,1138.162673,0,,1117.479154,13906,10,96,1501,10,98,972.9602414,1175.041121,0,,1034.103419,8073,6,56,710,5,47,791.409076,1174.112768,0,,1034.103419,8073,6,56,710,5,47,791.409076,1174.112768,0,
334,51565,1101.974401,13951,10,97,1485,10,97,1085.063372,1127.870664,0,,1145.683546,14217,10,99,1527,10,99,1106.923811,1190.206155,0,,1104.079935,13295,10,92,1396,10,91,1002.759374,1141.193527,0,,1104.079935,13295,10,92,1396,10,91,1002.759374,1141.193527,0,
335,51578,1091.298496,13567,10,94,1418,10,93,1033.703984,1131.551616,0,,1162.0342,14327,10,99,1534,10,100,1107.87065,1190.22941,0,,1024.520246,7130,5,50,623,5,41,897.9084992,1139.565928,0,,1024.520246,7130,5,50,623,5,41,897.9084992,1139.565928,0,
336,51580,1049.354759,10329,8,72,948,7,62,991.3858026,1095.334797,0,,1130.811746,14067,10,98,1522,10,99,1064.047256,1188.344223,0,,908.8305368,1002,1,7,120,1,8,848.0709483,976.9387924,0,,908.8305368,1002,1,7,120,1,8,848.0709483,976.9387924,0,
337,51585,1009.572677,6776,5,47,604,4,40,971.5406601,1054.570038,0,,959.138978,5790,4,40,586,4,38,883.7835627,1036.163629,0,,1093.313998,12829,9,89,1325,9,87,1061.797906,1099.085224,0,,1093.313998,12829,9,89,1325,9,87,1061.797906,1099.085224,0,
338,51588,929.6439627,2006,2,14,179,2,12,758.3293286,994.9409206,0,,959.7796773,5832,5,41,591,4,39,883.4895487,990.6526968,0,,912.1648768,1049,1,8,128,1,9,764.8799592,972.6885164,0,,912.1648768,1049,1,8,128,1,9,764.8799592,972.6885164,0,
339,51592,1041.726635,9667,7,67,887,6,58,1018.904599,1068.611421,0,,948.6717684,5020,4,35,502,4,33,885.5942084,990.5404688,0,,1089.133622,12606,9,88,1304,9,85,1027.940322,1113.651412,0,,1089.133622,12606,9,88,1304,9,85,1027.940322,1113.651412,0,
340,51593,1028.340064,8404,6,59,776,6,51,932.1618296,1084.579424,0,,1091.020626,13364,10,93,1423,10,93,1059.469823,1122.485647,0,,1002.212655,5307,4,37,462,4,31,930.0529749,1042.717117,0,,1002.212655,5307,4,37,462,4,31,930.0529749,1042.717117,0,
341,51610,970.6145462,3839,3,27,298,2,20,784.9473956,1078.363734,0,,1027.092217,10681,8,74,1088,8,71,962.5132313,1053.184634,0,,952.202975,2301,2,16,218,2,15,765.8303233,1036.984234,0,,952.202975,2301,2,16,218,2,15,765.8303233,1036.984234,0,
342,51612,1058.423336,11238,8,78,1093,8,72,965.3636728,1101.503699,0,,1068.051976,12693,9,88,1329,9,87,1010.540304,1107.38859,0,,1064.431009,10655,8,74,1041,7,68,959.7331256,1108.579278,0,,1064.431009,10655,8,74,1041,7,68,959.7331256,1108.579278,0,
343,51617,1006.056406,6456,5,45,572,4,38,905.5383948,1077.502348,0,,1041.586243,11449,8,79,1161,8,76,1006.174474,1098.786299,0,,967.3479066,3026,3,21,273,2,18,876.5580512,1070.314701,0,,967.3479066,3026,3,21,273,2,18,876.5580512,1070.314701,0,
344,51623,1095.464738,13750,10,96,1454,10,95,1043.628943,1117.282186,0,,1105.871638,13695,10,95,1463,10,95,1074.123312,1151.430892,0,,1114.330956,13672,10,95,1455,10,95,1080.19555,1174.281156,0,,1114.330956,13672,10,95,1455,10,95,1080.19555,1174.281156,0,
345,51637,991.6942246,5318,4,37,454,3,30,913.2602331,995.0704524,0,,1027.258392,10689,8,74,1089,8,71,941.163072,1043.333971,0,,974.2423242,3359,3,24,300,2,20,820.7271838,991.3339924,0,,974.2423242,3359,3,24,300,2,20,820.7271838,991.3339924,0,
346,51638,1075.691844,12665,9,88,1295,9,85,940.4509596,1117.476349,0,,1105.788023,13693,10,95,1462,10,95,1006.778947,1159.131241,0,,1071.663222,11258,8,78,1119,8,73,874.9098215,1169.505663,0,,1071.663222,11258,8,78,1119,8,73,874.9098215,1169.505663,0,
347,51641,1085.00752,13255,10,92,1373,9,90,980.497697,1125.320163,0,,1031.984447,10998,8,76,1116,8,73,989.5245263,1092.263373,0,,1109.981432,13529,10,94,1441,10,94,896.1382604,1161.124034,0,,1109.981432,13529,10,94,1441,10,94,896.1382604,1161.124034,0,
348,51646,1027.166486,8324,6,58,765,5,50,1010.350494,1063.824951,0.70417145,,971.1641425,6671,5,47,698,5,46,965.5487234,983.3284791,0.70417145,,1044.30465,8957,7,62,825,6,54,1010.454403,1108.667037,0.70417145,,1044.30465,8957,7,62,825,6,54,1010.454403,1108.667037,0.70417145,
349,51652,1025.83675,8198,6,57,753,5,49,999.8462638,1070.581313,0,,923.2382639,3341,3,24,333,3,22,903.9004327,956.5297837,0,,1074.042676,11483,8,80,1159,8,76,1044.74752,1124.476472,0,,1074.042676,11483,8,80,1159,8,76,1044.74752,1124.476472,0,
350,51667,981.4495975,4538,4,32,364,3,24,918.9698958,1076.846693,0,,923.2288988,3340,3,24,332,3,22,850.2780779,987.0819315,0,,1030.406258,7747,6,54,667,5,44,946.4453669,1164.876824,0,,1030.406258,7747,6,54,667,5,44,946.4453669,1164.876824,0,
351,51670,1012.078544,6984,5,49,618,5,41,923.8531882,1086.948568,0,,960.9647237,5914,5,41,597,4,39,913.5584364,1005.143754,0,,1035.033833,8149,6,57,716,5,47,950.6943114,1139.15559,0,,1035.033833,8149,6,57,716,5,47,950.6943114,1139.15559,0,
352,51688,1032.349069,8776,7,61,823,6,54,916.0511051,1080.402308,0,,1054.534545,12156,9,84,1245,9,81,971.6936647,1107.07027,0,,981.0328163,3778,3,27,345,3,23,864.460923,1053.765603,0,,981.0328163,3778,3,27,345,3,23,864.460923,1053.765603,0,
